Date,Open,1_high,1_low,1_close,WOpen,MOpen,2_closs,3_closs,4_closs,5_closs,K,D,cross,second2MA,Fourth6MA,Fifth6MA,ID
2020-01-02,1.96,2.0,1.96,2.0,1.96,1.96,1.8,1.8,1.74,1.89,89.28,82.57,0,1.9649999999999999,1.885,1.86,6287
2020-01-03,1.92,1.92,1.8,1.8,1.96,1.96,1.8,1.74,1.89,1.89,77.47,80.87,0,1.9,1.86,1.8533333333333335,6287
2020-01-06,1.8,1.8,1.8,1.8,1.8,1.96,1.74,1.89,1.89,1.97,64.98,75.57,0,1.8,1.8533333333333335,1.8483333333333334,6287
2020-01-07,1.74,1.74,1.74,1.74,1.8,1.96,1.89,1.89,1.97,1.85,48.08,66.41,0,1.77,1.8483333333333334,1.8566666666666665,6287
2020-01-08,1.89,1.89,1.89,1.89,1.8,1.96,1.89,1.97,1.85,1.85,48.72,60.51,0,1.815,1.8566666666666665,1.865,6287
2020-01-09,1.81,1.89,1.81,1.89,1.8,1.96,1.97,1.85,1.85,1.75,49.15,56.72,0,1.89,1.865,1.8666666666666665,6287
2020-01-10,1.89,1.98,1.89,1.97,1.8,1.96,1.85,1.85,1.75,1.92,58.32,57.25,1,1.93,1.8666666666666665,1.8716666666666668,6287
2020-01-13,1.81,1.91,1.78,1.85,1.81,1.96,1.85,1.75,1.92,1.89,51.52,55.34,0,1.9100000000000001,1.8716666666666668,1.8716666666666668,6287
2020-01-14,1.92,1.92,1.85,1.85,1.81,1.96,1.75,1.92,1.89,1.81,48.45,53.04,0,1.85,1.8716666666666668,1.845,6287
2020-01-15,1.75,1.75,1.75,1.75,1.81,1.96,1.92,1.89,1.81,1.81,33.69,46.59,0,1.8,1.845,1.8383333333333332,6287
2020-01-16,1.66,1.92,1.66,1.92,1.81,1.96,1.89,1.81,1.81,1.95,49.54,47.57,1,1.835,1.8383333333333332,1.8549999999999998,6287
2020-01-17,1.9,1.9,1.89,1.89,1.81,1.96,1.81,1.81,1.95,1.83,56.98,50.71,0,1.9049999999999998,1.8549999999999998,1.8683333333333332,6287
2020-01-20,1.81,1.81,1.81,1.81,1.81,1.96,1.81,1.95,1.83,1.85,53.61,51.68,0,1.85,1.8683333333333332,1.8566666666666665,6287
2020-01-30,1.81,1.81,1.81,1.81,1.81,1.96,1.95,1.83,1.85,1.86,51.37,51.58,0,1.81,1.8566666666666665,1.8516666666666666,6287
2020-01-31,1.68,1.95,1.68,1.95,1.81,1.96,1.83,1.85,1.86,1.86,64.45,55.87,1,1.88,1.8516666666666666,1.8599999999999997,6287
2020-02-03,2.12,2.12,1.82,1.83,2.12,2.12,1.85,1.86,1.86,1.86,55.29,55.68,0,1.8900000000000001,1.8599999999999997,1.8683333333333334,6287
2020-02-04,1.85,1.85,1.85,1.85,2.12,2.12,1.86,1.86,1.86,1.76,50.63,54.0,0,1.84,1.8683333333333334,1.8366666666666667,6287
2020-02-05,1.86,1.86,1.86,1.86,2.12,2.12,1.86,1.86,1.76,1.8,48.25,52.08,0,1.855,1.8366666666666667,1.831666666666667,6287
2020-02-06,1.8,1.86,1.8,1.86,2.12,2.12,1.86,1.76,1.8,1.8,46.66,50.27,0,1.86,1.831666666666667,1.8233333333333335,6287
2020-02-07,1.86,1.86,1.86,1.86,2.12,2.12,1.76,1.8,1.8,1.76,44.74,48.43,0,1.86,1.8233333333333335,1.8066666666666666,6287
2020-02-10,1.76,1.76,1.76,1.76,1.76,2.12,1.8,1.8,1.76,1.76,35.89,44.25,0,1.81,1.8066666666666666,1.79,6287
2020-02-11,1.8,1.8,1.8,1.8,1.76,2.12,1.8,1.76,1.76,1.73,33.02,40.51,0,1.78,1.79,1.7683333333333335,6287
2020-02-12,1.7,1.8,1.7,1.8,1.76,2.12,1.76,1.76,1.73,1.73,31.1,37.37,0,1.8,1.7683333333333335,1.7633333333333334,6287
2020-02-13,1.76,1.76,1.76,1.76,1.76,2.12,1.76,1.73,1.73,1.73,25.5,33.41,0,1.78,1.7633333333333334,1.751666666666667,6287
2020-02-14,1.76,1.76,1.76,1.76,1.76,2.12,1.73,1.73,1.73,1.73,29.5,32.11,0,1.76,1.751666666666667,1.7400000000000002,6287
2020-02-17,1.66,1.76,1.66,1.73,1.66,2.12,1.73,1.73,1.73,1.73,31.33,31.85,0,1.745,1.7400000000000002,1.7350000000000003,6287
2020-02-18,1.73,1.73,1.73,1.73,1.66,2.12,1.73,1.73,1.73,1.73,32.55,32.08,1,1.73,1.7350000000000003,1.7300000000000002,6287
2020-02-19,1.73,1.73,1.73,1.73,1.66,2.12,1.73,1.73,1.73,1.64,33.37,32.51,0,1.73,1.7300000000000002,1.715,6287
2020-02-20,1.73,1.73,1.73,1.73,1.66,2.12,1.73,1.73,1.64,1.64,38.91,34.64,0,1.73,1.715,1.7000000000000002,6287
2020-02-21,1.73,1.73,1.73,1.73,1.66,2.12,1.73,1.64,1.64,1.64,42.61,37.3,0,1.73,1.7000000000000002,1.6849999999999998,6287
2020-02-24,1.73,1.73,1.73,1.73,1.73,2.12,1.64,1.64,1.64,1.63,45.07,39.89,0,1.73,1.6849999999999998,1.668333333333333,6287
2020-02-25,1.63,1.64,1.63,1.64,1.73,2.12,1.64,1.64,1.63,1.73,32.61,37.46,0,1.685,1.668333333333333,1.6683333333333332,6287
2020-02-26,1.64,1.64,1.64,1.64,1.73,2.12,1.64,1.63,1.73,1.73,24.3,33.07,0,1.64,1.6683333333333332,1.6683333333333332,6287
2020-02-27,1.64,1.64,1.64,1.64,1.73,2.12,1.63,1.73,1.73,1.68,18.76,28.3,0,1.64,1.6683333333333332,1.675,6287
2020-03-02,1.63,1.63,1.63,1.63,1.63,1.63,1.73,1.73,1.68,1.6,12.51,23.04,0,1.6349999999999998,1.675,1.6683333333333332,6287
2020-03-03,1.73,1.73,1.73,1.73,1.63,1.63,1.73,1.68,1.6,1.6,41.67,29.25,1,1.68,1.6683333333333332,1.6616666666666664,6287
2020-03-04,1.73,1.73,1.73,1.73,1.63,1.63,1.68,1.6,1.6,1.6,61.11,39.87,0,1.73,1.6616666666666664,1.6566666666666665,6287
2020-03-05,1.68,1.68,1.68,1.68,1.63,1.63,1.6,1.6,1.6,1.5,57.41,45.72,0,1.705,1.6566666666666665,1.6183333333333332,6287
2020-03-06,1.6,1.6,1.6,1.6,1.63,1.63,1.6,1.6,1.5,1.38,38.27,43.24,0,1.6400000000000001,1.6183333333333332,1.5599999999999998,6287
2020-03-09,1.6,1.6,1.6,1.6,1.6,1.63,1.6,1.5,1.38,1.38,25.51,37.33,0,1.6,1.5599999999999998,1.51,6287
2020-03-10,1.5,1.6,1.5,1.6,1.6,1.63,1.5,1.38,1.38,1.39,31.5,35.39,0,1.6,1.51,1.4749999999999999,6287
2020-03-11,1.5,1.5,1.49,1.5,1.6,1.63,1.38,1.38,1.39,1.39,22.39,31.06,0,1.55,1.4749999999999999,1.4400000000000002,6287
2020-03-12,1.35,1.38,1.35,1.38,1.6,1.63,1.38,1.39,1.39,1.28,17.56,26.56,0,1.44,1.4400000000000002,1.3866666666666665,6287
2020-03-13,1.25,1.38,1.25,1.38,1.6,1.63,1.39,1.39,1.28,1.16,20.73,24.62,0,1.38,1.3866666666666665,1.3299999999999998,6287
2020-03-16,1.4,1.4,1.39,1.39,1.4,1.63,1.39,1.28,1.16,1.26,23.54,24.26,0,1.3849999999999998,1.3299999999999998,1.3099999999999998,6287
2020-03-17,1.39,1.39,1.39,1.39,1.4,1.63,1.28,1.16,1.26,1.22,26.55,25.02,1,1.39,1.3099999999999998,1.2833333333333332,6287
2020-03-18,1.28,1.28,1.28,1.28,1.4,1.63,1.16,1.26,1.22,1.16,20.56,23.53,0,1.335,1.2833333333333332,1.2449999999999999,6287
2020-03-19,1.36,1.36,1.16,1.16,1.4,1.63,1.26,1.22,1.16,1.23,13.71,20.26,0,1.22,1.2449999999999999,1.2183333333333335,6287
2020-03-20,1.07,1.27,1.07,1.26,1.4,1.63,1.22,1.16,1.23,1.23,21.09,20.54,1,1.21,1.2183333333333335,1.21,6287
2020-03-23,1.15,1.22,1.14,1.22,1.15,1.63,1.16,1.23,1.23,1.23,25.69,22.26,0,1.24,1.21,1.2216666666666667,6287
2020-03-24,1.14,1.16,1.14,1.16,1.15,1.63,1.23,1.23,1.23,1.14,26.22,23.58,0,1.19,1.2216666666666667,1.2016666666666667,6287
2020-03-25,1.16,1.23,1.16,1.23,1.15,1.63,1.23,1.23,1.14,1.25,33.64,26.93,0,1.1949999999999998,1.2016666666666667,1.2066666666666666,6287
2020-03-26,1.23,1.23,1.23,1.23,1.15,1.63,1.23,1.14,1.25,1.25,38.59,30.82,0,1.23,1.2066666666666666,1.2216666666666667,6287
2020-03-27,1.25,1.25,1.23,1.23,1.15,1.63,1.14,1.25,1.25,1.25,42.39,34.68,0,1.23,1.2216666666666667,1.2249999999999999,6287
2020-03-30,1.14,1.14,1.14,1.14,1.14,1.63,1.25,1.25,1.25,1.34,36.31,35.22,0,1.185,1.2249999999999999,1.2433333333333334,6287
2020-03-31,1.14,1.25,1.14,1.25,1.14,1.63,1.25,1.25,1.34,1.47,44.9,38.45,0,1.1949999999999998,1.2433333333333334,1.2833333333333332,6287
2020-04-01,1.23,1.25,1.23,1.25,1.14,1.23,1.25,1.34,1.47,1.61,59.93,45.61,0,1.25,1.2833333333333332,1.3616666666666666,6287
2020-04-06,1.25,1.25,1.25,1.25,1.25,1.23,1.34,1.47,1.61,1.77,73.29,54.84,0,1.25,1.3616666666666666,1.4483333333333333,6287
2020-04-07,1.26,1.34,1.26,1.34,1.25,1.23,1.47,1.61,1.77,1.94,82.19,63.96,0,1.295,1.4483333333333333,1.5633333333333332,6287
2020-04-08,1.45,1.47,1.45,1.47,1.25,1.23,1.61,1.77,1.94,2.13,88.13,72.02,0,1.405,1.5633333333333332,1.7099999999999997,6287
2020-04-09,1.61,1.61,1.61,1.61,1.25,1.23,1.77,1.94,2.13,2.34,92.09,78.71,0,1.54,1.7099999999999997,1.8766666666666663,6287
2020-04-10,1.77,1.77,1.77,1.77,1.25,1.23,1.94,2.13,2.34,2.51,94.73,84.05,0,1.69,1.8766666666666663,2.05,6287
2020-04-13,1.94,1.94,1.94,1.94,1.94,1.23,2.13,2.34,2.51,2.26,96.49,88.2,0,1.855,2.05,2.158333333333333,6287
2020-04-14,2.1,2.13,2.1,2.13,1.94,1.23,2.34,2.51,2.26,2.2,97.66,91.35,0,2.035,2.158333333333333,2.23,6287
2020-04-15,2.29,2.34,2.29,2.34,1.94,1.23,2.51,2.26,2.2,2.04,98.44,93.71,0,2.235,2.23,2.246666666666666,6287
2020-04-16,2.52,2.52,2.51,2.51,1.94,1.23,2.26,2.2,2.04,1.95,98.7,95.37,0,2.425,2.246666666666666,2.2166666666666663,6287
2020-04-17,2.42,2.42,2.26,2.26,1.94,1.23,2.2,2.04,1.95,1.98,92.26,94.33,0,2.385,2.2166666666666663,2.1566666666666667,6287
2020-04-20,2.26,2.26,2.05,2.2,2.26,1.23,2.04,1.95,1.98,2.16,84.87,91.18,0,2.23,2.1566666666666667,2.098333333333333,6287
2020-04-21,2.04,2.04,2.04,2.04,2.26,1.23,1.95,1.98,2.16,2.37,72.33,84.9,0,2.12,2.098333333333333,2.1166666666666667,6287
2020-04-22,2.2,2.2,1.95,1.95,2.26,1.23,1.98,2.16,2.37,2.16,56.22,75.34,0,1.995,2.1166666666666667,2.11,6287
2020-04-23,1.97,2.01,1.97,1.98,2.26,1.23,2.16,2.37,2.16,2.1,39.78,63.49,0,1.9649999999999999,2.11,2.12,6287
2020-04-24,2.0,2.16,2.0,2.16,2.26,1.23,2.37,2.16,2.1,2.2,38.8,55.26,0,2.0700000000000003,2.12,2.161666666666667,6287
2020-04-27,2.33,2.37,2.33,2.37,2.33,1.23,2.16,2.1,2.2,2.06,50.43,53.65,0,2.265,2.161666666666667,2.1750000000000003,6287
2020-04-28,2.55,2.55,2.16,2.16,2.33,1.23,2.1,2.2,2.06,2.06,45.29,50.86,0,2.265,2.1750000000000003,2.1583333333333337,6287
2020-04-29,2.11,2.11,2.1,2.1,2.33,1.23,2.2,2.06,2.06,2.1,38.53,46.75,0,2.13,2.1583333333333337,2.1133333333333333,6287
2020-04-30,2.1,2.31,2.1,2.2,2.33,1.23,2.06,2.06,2.1,2.3,39.58,44.36,0,2.1500000000000004,2.1133333333333333,2.1366666666666667,6287
2020-05-04,2.05,2.06,2.05,2.06,2.05,2.05,2.06,2.1,2.3,2.07,32.5,40.41,0,2.13,2.1366666666666667,2.1316666666666664,6287
2020-05-05,2.06,2.06,2.06,2.06,2.05,2.05,2.1,2.3,2.07,2.2,27.78,36.2,0,2.06,2.1316666666666664,2.1316666666666664,6287
2020-05-06,2.21,2.21,2.1,2.1,2.05,2.05,2.3,2.07,2.2,1.98,25.99,32.8,0,2.08,2.1316666666666664,2.1183333333333336,6287
2020-05-07,2.26,2.31,2.26,2.3,2.05,2.05,2.07,2.2,1.98,1.98,35.51,33.7,1,2.2,2.1183333333333336,2.1050000000000004,6287
2020-05-08,2.18,2.18,2.07,2.07,2.05,2.05,2.2,1.98,1.98,1.98,25.01,30.8,0,2.1849999999999996,2.1050000000000004,2.085,6287
2020-05-11,2.2,2.2,2.2,2.2,2.2,2.05,1.98,1.98,1.98,1.98,26.67,29.42,0,2.135,2.085,2.0316666666666667,6287
2020-05-12,2.03,2.03,1.98,1.98,2.2,2.05,1.98,1.98,1.98,2.16,17.78,25.54,0,2.09,2.0316666666666667,2.046666666666667,6287
2020-05-13,1.98,1.98,1.98,1.98,2.2,2.05,1.98,1.98,2.16,2.15,11.85,20.98,0,1.98,2.046666666666667,2.0383333333333336,6287
2020-05-14,1.98,1.98,1.98,1.98,2.2,2.05,1.98,2.16,2.15,2.15,7.9,16.62,0,1.98,2.0383333333333336,2.066666666666667,6287
2020-05-15,1.98,1.98,1.98,1.98,2.2,2.05,2.16,2.15,2.15,2.15,5.27,12.84,0,1.98,2.066666666666667,2.095,6287
2020-05-18,2.16,2.16,2.16,2.16,2.16,2.05,2.15,2.15,2.15,2.15,21.7,15.79,1,2.0700000000000003,2.095,2.1233333333333335,6287
2020-05-19,2.15,2.15,2.15,2.15,2.16,2.05,2.15,2.15,2.15,1.98,31.64,21.07,0,2.1550000000000002,2.1233333333333335,2.1233333333333335,6287
2020-05-20,2.15,2.15,2.15,2.15,2.16,2.05,2.15,2.15,1.98,1.95,46.85,29.66,0,2.15,2.1233333333333335,2.0883333333333334,6287
2020-05-21,2.15,2.15,2.15,2.15,2.16,2.05,2.15,1.98,1.95,2.0,56.99,38.77,0,2.15,2.0883333333333334,2.063333333333333,6287
2020-05-22,2.15,2.15,2.15,2.15,2.16,2.05,1.98,1.95,2.0,2.0,69.47,49.0,0,2.15,2.063333333333333,2.038333333333333,6287
2020-05-25,2.0,2.0,1.98,1.98,2.0,2.05,1.95,2.0,2.0,2.0,46.31,48.1,0,2.065,2.038333333333333,2.013333333333333,6287
2020-05-26,1.95,1.95,1.95,1.95,2.0,2.05,2.0,2.0,2.0,1.91,30.87,42.36,0,1.9649999999999999,2.013333333333333,1.9733333333333334,6287
2020-05-27,2.05,2.08,2.0,2.0,2.0,2.05,2.0,2.0,1.91,2.0,28.52,37.75,0,1.975,1.9733333333333334,1.9766666666666666,6287
2020-05-28,2.0,2.0,2.0,2.0,2.0,2.05,2.0,1.91,2.0,2.1,26.95,34.15,0,2.0,1.9766666666666666,2.0016666666666665,6287
2020-05-29,2.0,2.0,2.0,2.0,2.0,2.05,1.91,2.0,2.1,2.31,26.3,31.53,0,2.0,2.0016666666666665,2.0533333333333332,6287
2020-06-01,1.84,1.91,1.84,1.91,1.84,1.84,2.0,2.1,2.31,2.54,25.06,29.37,0,1.955,2.0533333333333332,2.143333333333333,6287
2020-06-02,1.91,2.05,1.91,2.0,1.84,1.84,2.1,2.31,2.54,2.79,33.91,30.88,1,1.955,2.143333333333333,2.275,6287
2020-06-03,2.2,2.2,2.1,2.1,1.84,1.84,2.31,2.54,2.79,3.06,46.68,36.15,0,2.05,2.275,2.4666666666666663,6287
2020-06-04,2.11,2.31,1.95,2.31,1.84,1.84,2.54,2.79,3.06,3.36,64.45,45.58,0,2.205,2.4666666666666663,2.6933333333333334,6287
2020-06-05,2.49,2.54,2.46,2.54,1.84,1.84,2.79,3.06,3.36,3.1,76.3,55.82,0,2.425,2.6933333333333334,2.86,6287
2020-06-08,2.77,2.79,2.77,2.79,2.77,1.84,3.06,3.36,3.1,3.2,84.2,65.28,0,2.665,2.86,3.0083333333333333,6287
2020-06-09,3.0,3.06,3.0,3.06,2.77,1.84,3.36,3.1,3.2,3.4,89.47,73.34,0,2.925,3.0083333333333333,3.151666666666666,6287
2020-06-10,3.36,3.36,3.36,3.36,2.77,1.84,3.1,3.2,3.4,3.15,92.98,79.89,0,3.21,3.151666666666666,3.211666666666666,6287
2020-06-11,3.69,3.69,3.03,3.1,2.77,1.84,3.2,3.4,3.15,3.38,84.69,81.49,0,3.23,3.211666666666666,3.265,6287
2020-06-12,3.0,3.26,2.79,3.2,2.77,1.84,3.4,3.15,3.38,3.4,80.62,81.2,0,3.1500000000000004,3.265,3.2716666666666665,6287
2020-06-15,3.2,3.4,3.2,3.4,3.2,1.84,3.15,3.38,3.4,3.42,81.52,81.31,1,3.3,3.2716666666666665,3.3249999999999993,6287
2020-06-16,3.32,3.37,3.15,3.15,3.2,1.84,3.38,3.4,3.42,3.15,77.34,79.99,0,3.275,3.3249999999999993,3.3166666666666664,6287
2020-06-17,3.15,3.38,3.02,3.38,3.2,1.84,3.4,3.42,3.15,3.13,76.49,78.82,0,3.2649999999999997,3.3166666666666664,3.2716666666666665,6287
2020-06-18,3.71,3.71,3.4,3.4,3.2,1.84,3.42,3.15,3.13,3.13,73.33,76.99,0,3.3899999999999997,3.2716666666666665,3.268333333333333,6287
2020-06-19,3.55,3.55,3.42,3.42,3.2,1.84,3.15,3.13,3.13,3.1,71.71,75.23,0,3.41,3.268333333333333,3.221666666666667,6287
2020-06-22,3.15,3.3,3.15,3.15,3.15,1.84,3.13,3.13,3.1,3.33,60.85,70.44,0,3.285,3.221666666666667,3.2099999999999995,6287
2020-06-23,3.13,3.3,3.13,3.13,3.15,1.84,3.13,3.1,3.33,3.2,52.89,64.59,0,3.1399999999999997,3.2099999999999995,3.1733333333333333,6287
2020-06-24,3.13,3.13,3.13,3.13,3.15,1.84,3.1,3.33,3.2,3.05,47.58,58.92,0,3.13,3.1733333333333333,3.1566666666666667,6287
2020-06-29,3.33,3.33,3.1,3.1,3.33,1.84,3.33,3.2,3.05,3.05,35.58,51.14,0,3.115,3.1566666666666667,3.143333333333334,6287
2020-06-30,3.21,3.33,3.21,3.33,3.33,1.84,3.2,3.05,3.05,3.1,38.7,46.99,0,3.215,3.143333333333334,3.1383333333333336,6287
2020-07-01,3.3,3.3,3.2,3.2,3.33,3.3,3.05,3.05,3.1,3.3,34.5,42.83,0,3.265,3.1383333333333336,3.1716666666666664,6287
2020-07-02,3.05,3.05,3.05,3.05,3.33,3.3,3.05,3.1,3.3,3.55,23.0,36.22,0,3.125,3.1716666666666664,3.2083333333333335,6287
2020-07-03,3.05,3.1,3.05,3.05,3.33,3.3,3.1,3.3,3.55,3.6,15.33,29.26,0,3.05,3.2083333333333335,3.2750000000000004,6287
2020-07-06,3.05,3.1,3.05,3.1,3.05,3.3,3.3,3.55,3.6,3.7,16.17,24.9,0,3.075,3.2750000000000004,3.3833333333333333,6287
2020-07-07,3.15,3.41,3.15,3.3,3.05,3.3,3.55,3.6,3.7,4.05,33.93,27.91,1,3.2,3.3833333333333333,3.5500000000000003,6287
2020-07-08,3.1,3.62,3.1,3.55,3.05,3.3,3.6,3.7,4.05,4.3,51.86,35.89,0,3.425,3.5500000000000003,3.75,6287
2020-07-09,3.7,3.7,3.6,3.6,3.05,3.3,3.7,4.05,4.3,4.27,62.78,44.85,0,3.575,3.75,3.911666666666667,6287
2020-07-10,3.7,3.7,3.69,3.7,3.05,3.3,4.05,4.3,4.27,4.2,75.19,54.96,0,3.6500000000000004,3.911666666666667,4.0200000000000005,6287
2020-07-13,3.8,4.07,3.8,4.05,3.8,3.3,4.3,4.27,4.2,4.02,82.81,64.24,0,3.875,4.0200000000000005,4.09,6287
2020-07-14,4.45,4.45,4.3,4.3,3.8,3.3,4.27,4.2,4.02,3.85,84.97,71.15,0,4.175,4.09,4.115,6287
2020-07-15,4.5,4.73,4.27,4.27,3.8,3.3,4.2,4.02,3.85,3.47,80.85,74.38,0,4.285,4.115,4.0183333333333335,6287
2020-07-16,4.0,4.2,4.0,4.2,3.8,3.3,4.02,3.85,3.47,3.33,76.72,75.16,0,4.234999999999999,4.0183333333333335,3.856666666666667,6287
2020-07-17,4.02,4.1,4.02,4.02,3.8,3.3,3.85,3.47,3.33,3.3,69.96,73.43,0,4.109999999999999,3.856666666666667,3.695,6287
2020-07-20,3.99,3.99,3.85,3.85,3.99,3.3,3.47,3.33,3.3,2.97,61.98,69.61,0,3.9349999999999996,3.695,3.4899999999999998,6287
2020-07-21,3.47,3.51,3.47,3.47,3.99,3.3,3.33,3.3,2.97,2.9,41.32,60.18,0,3.66,3.4899999999999998,3.303333333333333,6287
2020-07-22,3.26,3.6,3.26,3.33,3.99,3.3,3.3,2.97,2.9,2.61,29.13,49.83,0,3.4000000000000004,3.303333333333333,3.096666666666667,6287
2020-07-23,3.35,3.66,3.3,3.3,3.99,3.3,2.97,2.9,2.61,2.75,20.33,40.0,0,3.315,3.096666666666667,2.9766666666666666,6287
2020-07-24,3.15,3.24,2.97,2.97,3.99,3.3,2.9,2.61,2.75,2.72,13.55,31.18,0,3.135,2.9766666666666666,2.875,6287
2020-07-27,3.2,3.26,2.9,2.9,3.2,3.3,2.61,2.75,2.72,2.91,9.03,23.8,0,2.935,2.875,2.81,6287
2020-07-28,2.69,2.69,2.61,2.61,3.2,3.3,2.75,2.72,2.91,2.91,6.02,17.87,0,2.755,2.81,2.8000000000000003,6287
2020-07-29,2.38,2.81,2.38,2.75,3.2,3.3,2.72,2.91,2.91,2.81,11.18,15.64,0,2.6799999999999997,2.8000000000000003,2.785,6287
2020-07-30,2.75,3.02,2.7,2.72,3.2,3.3,2.91,2.91,2.81,2.99,14.49,15.26,0,2.7350000000000003,2.785,2.848333333333334,6287
2020-07-31,2.87,2.99,2.82,2.91,3.2,3.3,2.91,2.81,2.99,3.0,23.46,17.99,1,2.8150000000000004,2.848333333333334,2.8900000000000006,6287
2020-08-03,3.18,3.2,2.91,2.91,3.18,3.18,2.81,2.99,3.0,3.22,29.44,21.81,0,2.91,2.8900000000000006,2.973333333333333,6287
2020-08-04,2.81,2.94,2.77,2.81,3.18,3.18,2.99,3.0,3.22,3.0,30.82,24.81,0,2.8600000000000003,2.973333333333333,2.9883333333333333,6287
2020-08-05,2.95,2.99,2.95,2.99,3.18,3.18,3.0,3.22,3.0,3.2,43.65,31.09,0,2.9000000000000004,2.9883333333333333,3.036666666666667,6287
2020-08-06,2.99,3.0,2.99,3.0,3.18,3.18,3.22,3.0,3.2,3.17,52.58,38.25,0,2.995,3.036666666666667,3.0966666666666662,6287
2020-08-07,3.29,3.29,3.03,3.22,3.18,3.18,3.0,3.2,3.17,3.2,65.82,47.44,0,3.1100000000000003,3.0966666666666662,3.1316666666666673,6287
2020-08-10,3.0,3.01,3.0,3.0,3.0,3.18,3.2,3.17,3.2,3.45,66.59,53.82,0,3.1100000000000003,3.1316666666666673,3.206666666666667,6287
2020-08-11,3.1,3.21,3.1,3.2,3.0,3.18,3.17,3.2,3.45,3.2,72.64,60.09,0,3.1,3.206666666666667,3.203333333333333,6287
2020-08-12,3.2,3.2,3.17,3.17,3.0,3.18,3.2,3.45,3.2,3.08,74.07,64.75,0,3.185,3.203333333333333,3.2166666666666663,6287
2020-08-13,3.17,3.2,3.17,3.2,3.0,3.18,3.45,3.2,3.08,3.22,76.94,68.81,0,3.185,3.2166666666666663,3.22,6287
2020-08-14,3.2,3.45,3.2,3.45,3.0,3.18,3.2,3.08,3.22,3.21,84.63,74.08,0,3.325,3.22,3.226666666666667,6287
2020-08-17,3.4,3.4,3.2,3.2,3.4,3.18,3.08,3.22,3.21,3.5,73.09,73.75,0,3.325,3.226666666666667,3.276666666666667,6287
2020-08-18,3.18,3.18,3.08,3.08,3.4,3.18,3.22,3.21,3.5,3.21,55.25,67.58,0,3.14,3.276666666666667,3.236666666666667,6287
2020-08-19,3.22,3.22,3.15,3.22,3.4,3.18,3.21,3.5,3.21,3.2,53.13,62.76,0,3.1500000000000004,3.236666666666667,3.236666666666667,6287
2020-08-20,3.2,3.21,3.2,3.21,3.4,3.18,3.5,3.21,3.2,3.01,50.98,58.83,0,3.215,3.236666666666667,3.225,6287
2020-08-21,3.53,3.53,3.5,3.5,3.4,3.18,3.21,3.2,3.01,3.06,65.1,60.92,1,3.355,3.225,3.1983333333333337,6287
2020-08-24,3.16,3.21,3.16,3.21,3.16,3.18,3.2,3.01,3.06,3.21,53.03,58.29,0,3.355,3.1983333333333337,3.1983333333333337,6287
2020-08-25,3.21,3.46,3.2,3.2,3.16,3.18,3.01,3.06,3.21,3.38,44.24,53.61,0,3.205,3.1983333333333337,3.1783333333333332,6287
2020-08-26,3.05,3.06,3.01,3.01,3.16,3.18,3.06,3.21,3.38,3.48,29.49,45.57,0,3.105,3.1783333333333332,3.223333333333333,6287
2020-08-27,3.15,3.15,3.06,3.06,3.16,3.18,3.21,3.38,3.48,3.47,22.87,38.0,0,3.035,3.223333333333333,3.268333333333333,6287
2020-08-28,3.2,3.21,3.2,3.21,3.16,3.18,3.38,3.48,3.47,3.33,28.07,34.69,0,3.135,3.268333333333333,3.3216666666666668,6287
2020-08-31,3.3,3.38,3.3,3.38,3.3,3.18,3.48,3.47,3.33,3.4,42.43,37.27,1,3.295,3.3216666666666668,3.3783333333333334,6287
2020-09-01,3.64,3.64,3.48,3.48,3.3,3.64,3.47,3.33,3.4,3.64,53.15,42.56,0,3.4299999999999997,3.3783333333333334,3.4499999999999997,6287
2020-09-02,3.48,3.82,3.47,3.47,3.3,3.64,3.33,3.4,3.64,3.74,54.36,46.49,0,3.475,3.4499999999999997,3.5100000000000002,6287
2020-09-03,3.47,3.47,3.33,3.33,3.3,3.64,3.4,3.64,3.74,3.67,49.41,47.46,0,3.4000000000000004,3.5100000000000002,3.5416666666666665,6287
2020-09-04,3.59,3.59,3.4,3.4,3.3,3.64,3.64,3.74,3.67,3.78,48.99,47.97,0,3.365,3.5416666666666665,3.5933333333333337,6287
2020-09-07,3.72,3.72,3.55,3.64,3.72,3.64,3.74,3.67,3.78,4.0,58.59,51.51,0,3.52,3.5933333333333337,3.705,6287
2020-09-08,3.84,3.84,3.71,3.74,3.72,3.64,3.67,3.78,4.0,3.9,68.12,57.05,0,3.6900000000000004,3.705,3.7883333333333327,6287
2020-09-09,3.68,3.68,3.67,3.67,3.72,3.64,3.78,4.0,3.9,3.7,69.89,61.33,0,3.705,3.7883333333333327,3.7983333333333333,6287
2020-09-10,3.67,3.8,3.67,3.78,3.72,3.64,4.0,3.9,3.7,3.65,76.22,66.29,0,3.7249999999999996,3.7983333333333333,3.783333333333333,6287
2020-09-11,4.15,4.15,4.0,4.0,3.72,3.64,3.9,3.7,3.65,3.6,78.05,70.21,0,3.8899999999999997,3.783333333333333,3.7716666666666665,6287
2020-09-14,3.79,3.9,3.6,3.9,3.79,3.64,3.7,3.65,3.6,3.6,75.2,71.87,0,3.95,3.7716666666666665,3.741666666666667,6287
2020-09-15,3.9,3.9,3.66,3.7,3.79,3.64,3.65,3.6,3.6,3.96,65.17,69.64,0,3.8,3.741666666666667,3.735,6287
2020-09-16,3.65,3.7,3.65,3.65,3.79,3.64,3.6,3.6,3.96,4.35,54.56,64.61,0,3.675,3.735,3.81,6287
2020-09-17,3.65,3.65,3.6,3.6,3.79,3.64,3.6,3.96,4.35,4.78,39.15,56.12,0,3.625,3.81,3.9899999999999998,6287
2020-09-18,3.6,3.6,3.5,3.6,3.79,3.64,3.96,4.35,4.78,5.25,31.23,47.82,0,3.6,3.9899999999999998,4.256666666666667,6287
2020-09-21,3.5,3.96,3.5,3.96,3.5,3.64,4.35,4.78,5.25,4.73,44.41,46.68,0,3.7800000000000002,4.256666666666667,4.445,6287
2020-09-22,4.35,4.35,4.35,4.35,3.5,3.64,4.78,5.25,4.73,4.97,62.94,52.1,1,4.154999999999999,4.445,4.673333333333333,6287
2020-09-23,4.78,4.78,4.78,4.78,3.5,3.64,5.25,4.73,4.97,4.49,75.29,59.83,0,4.5649999999999995,4.673333333333333,4.761666666666667,6287
2020-09-24,5.25,5.25,5.0,5.25,3.5,3.64,4.73,4.97,4.49,4.93,83.53,67.73,0,5.015000000000001,4.761666666666667,4.858333333333333,6287
2020-09-25,5.77,5.77,4.73,4.73,3.5,3.64,4.97,4.49,4.93,4.93,73.75,69.74,0,4.99,4.858333333333333,4.883333333333333,6287
2020-09-28,4.37,5.0,4.37,4.97,4.37,3.64,4.49,4.93,4.93,4.93,70.75,70.08,0,4.85,4.883333333333333,4.829999999999999,6287
2020-09-29,4.88,4.88,4.49,4.49,4.37,3.64,4.93,4.93,4.93,4.85,61.7,67.29,0,4.73,4.829999999999999,4.8500000000000005,6287
2020-09-30,4.12,4.93,4.12,4.93,4.37,3.64,4.93,4.93,4.85,4.7,62.13,65.57,0,4.71,4.8500000000000005,4.805000000000001,6287
2020-10-05,4.93,4.93,4.44,4.93,4.93,4.93,4.93,4.85,4.7,4.72,62.42,64.52,0,4.93,4.805000000000001,4.843333333333333,6287
2020-10-06,4.97,4.97,4.77,4.93,4.93,4.93,4.85,4.7,4.72,4.61,57.98,62.34,0,4.93,4.843333333333333,4.79,6287
2020-10-07,4.85,4.93,4.85,4.85,4.93,4.93,4.7,4.72,4.61,4.79,53.4,59.36,0,4.89,4.79,4.766666666666667,6287
2020-10-08,4.85,4.85,4.46,4.7,4.93,4.93,4.72,4.61,4.79,4.62,47.32,55.35,0,4.775,4.766666666666667,4.715,6287
2020-10-12,4.62,4.8,4.23,4.72,4.62,4.93,4.61,4.79,4.62,4.42,43.67,51.46,0,4.71,4.715,4.6433333333333335,6287
2020-10-13,4.51,4.65,4.51,4.61,4.62,4.93,4.79,4.62,4.42,4.25,47.67,50.2,0,4.665,4.6433333333333335,4.568333333333334,6287
2020-10-14,4.6,4.79,4.5,4.79,4.62,4.93,4.62,4.42,4.25,3.9,58.05,52.82,1,4.7,4.568333333333334,4.431666666666666,6287
2020-10-15,4.8,4.89,4.52,4.62,4.62,4.93,4.42,4.25,3.9,3.91,58.31,54.65,0,4.705,4.431666666666666,4.3149999999999995,6287
2020-10-16,4.51,4.55,4.42,4.42,4.62,4.93,4.25,3.9,3.91,4.15,47.43,52.24,0,4.52,4.3149999999999995,4.208333333333333,6287
2020-10-19,4.1,4.3,4.1,4.25,4.1,4.93,3.9,3.91,4.15,4.11,37.37,47.28,0,4.335,4.208333333333333,4.123333333333334,6287
2020-10-20,4.12,4.12,3.9,3.9,4.1,4.93,3.91,4.15,4.11,3.95,24.91,39.82,0,4.075,4.123333333333334,4.045,6287
2020-10-21,3.9,4.1,3.9,3.91,4.1,4.93,4.15,4.11,3.95,4.2,16.94,32.19,0,3.9050000000000002,4.045,4.036666666666666,6287
2020-10-22,4.3,4.3,3.71,4.15,4.1,4.93,4.11,3.95,4.2,4.25,23.72,29.37,0,4.03,4.036666666666666,4.095,6287
2020-10-23,4.28,4.28,4.1,4.11,4.1,4.93,3.95,4.2,4.25,4.25,27.11,28.62,0,4.130000000000001,4.095,4.151666666666666,6287
2020-10-26,4.32,4.32,3.95,3.95,4.32,4.93,4.2,4.25,4.25,4.29,24.85,27.36,0,4.03,4.151666666666666,4.175,6287
2020-10-27,4.34,4.34,4.2,4.2,4.32,4.93,4.25,4.25,4.29,4.07,30.41,28.38,1,4.075,4.175,4.168333333333333,6287
2020-10-28,4.32,4.32,4.22,4.25,4.32,4.93,4.25,4.29,4.07,3.94,41.7,32.82,0,4.225,4.168333333333333,4.166666666666667,6287
2020-10-29,4.25,4.25,4.25,4.25,4.32,4.93,4.29,4.07,3.94,4.19,56.37,40.67,0,4.25,4.166666666666667,4.165,6287
2020-10-30,4.33,4.33,3.83,4.29,4.32,4.93,4.07,3.94,4.19,4.1,68.27,49.87,0,4.27,4.165,4.140000000000001,6287
2020-11-02,4.03,4.07,4.03,4.07,4.03,4.03,3.94,4.19,4.1,4.1,64.56,54.77,0,4.18,4.140000000000001,4.114999999999999,6287
2020-11-03,4.01,4.01,3.93,3.94,4.03,4.03,4.19,4.1,4.1,3.85,55.21,54.92,0,4.005,4.114999999999999,4.041666666666667,6287
2020-11-04,3.81,4.25,3.81,4.19,4.03,4.03,4.1,4.1,3.85,3.88,60.71,56.85,0,4.065,4.041666666666667,4.01,6287
2020-11-05,3.93,4.1,3.93,4.1,4.03,4.03,4.1,3.85,3.88,4.0,58.71,57.47,0,4.145,4.01,4.02,6287
2020-11-06,4.16,4.16,4.1,4.1,4.03,4.03,3.85,3.88,4.0,3.98,57.38,57.44,0,4.1,4.02,3.985,6287
2020-11-09,4.09,4.09,3.83,3.85,4.09,4.03,3.88,4.0,3.98,3.91,40.82,51.9,0,3.9749999999999996,3.985,3.953333333333333,6287
2020-11-10,3.83,3.88,3.83,3.88,4.09,4.03,4.0,3.98,3.91,3.98,31.7,45.17,0,3.865,3.953333333333333,3.9333333333333336,6287
2020-11-11,4.26,4.26,3.8,4.0,4.09,4.03,3.98,3.91,3.98,3.91,33.71,41.35,0,3.94,3.9333333333333336,3.9433333333333334,6287
2020-11-12,3.97,3.98,3.97,3.98,4.09,4.03,3.91,3.98,3.91,3.89,35.52,39.41,0,3.99,3.9433333333333334,3.9450000000000003,6287
2020-11-13,3.9,3.91,3.9,3.91,4.09,4.03,3.98,3.91,3.89,3.7,31.65,36.82,0,3.9450000000000003,3.9450000000000003,3.895,6287
2020-11-16,4.02,4.02,3.74,3.98,4.02,4.03,3.91,3.89,3.7,3.81,36.48,36.71,0,3.9450000000000003,3.895,3.8666666666666667,6287
2020-11-17,4.04,4.04,3.9,3.91,4.02,4.03,3.89,3.7,3.81,4.01,35.22,36.21,0,3.9450000000000003,3.8666666666666667,3.883333333333333,6287
2020-11-18,3.91,3.91,3.89,3.89,4.02,4.03,3.7,3.81,4.01,3.92,33.1,35.17,0,3.9000000000000004,3.883333333333333,3.8733333333333335,6287
2020-11-19,3.68,3.7,3.68,3.7,4.02,4.03,3.81,4.01,3.92,3.76,23.22,31.19,0,3.795,3.8733333333333335,3.8483333333333327,6287
2020-11-20,3.83,3.83,3.7,3.81,4.02,4.03,4.01,3.92,3.76,3.6,22.95,28.44,0,3.755,3.8483333333333327,3.8000000000000003,6287
2020-11-23,4.1,4.1,3.74,4.01,4.1,4.03,3.92,3.76,3.6,3.69,34.27,30.38,1,3.91,3.8000000000000003,3.798333333333334,6287
2020-11-24,3.98,3.98,3.9,3.92,4.1,4.03,3.76,3.6,3.69,3.69,41.89,34.22,0,3.965,3.798333333333334,3.7783333333333338,6287
2020-11-25,3.8,3.8,3.76,3.76,4.1,4.03,3.6,3.69,3.69,4.0,34.28,34.24,0,3.84,3.7783333333333338,3.776666666666667,6287
2020-11-26,3.61,3.65,3.5,3.6,4.1,4.03,3.69,3.69,4.0,4.2,28.41,32.3,0,3.6799999999999997,3.776666666666667,3.823333333333333,6287
2020-11-27,3.65,3.7,3.65,3.69,4.1,4.03,3.69,4.0,4.2,4.2,29.5,31.37,0,3.645,3.823333333333333,3.8966666666666665,6287
2020-11-30,3.69,3.69,3.65,3.69,3.69,4.03,4.0,4.2,4.2,3.85,30.22,30.99,0,3.69,3.8966666666666665,3.938333333333333,6287
2020-12-01,3.75,4.0,3.75,4.0,3.69,3.75,4.2,4.2,3.85,4.05,47.92,36.63,1,3.8449999999999998,3.938333333333333,3.9983333333333335,6287
2020-12-02,4.0,4.28,4.0,4.2,3.69,3.75,4.2,3.85,4.05,4.45,61.86,45.04,0,4.1,3.9983333333333335,4.125,6287
2020-12-03,4.33,4.33,4.2,4.2,3.69,3.75,3.85,4.05,4.45,4.89,69.35,53.14,0,4.2,4.125,4.273333333333333,6287
2020-12-04,3.91,3.91,3.85,3.85,3.69,3.75,4.05,4.45,4.89,5.35,60.29,55.52,0,4.025,4.273333333333333,4.465,6287
2020-12-07,3.97,4.05,3.96,4.05,3.97,3.75,4.45,4.89,5.35,5.34,62.28,57.77,0,3.95,4.465,4.655,6287
2020-12-08,4.2,4.45,4.05,4.45,3.97,3.75,4.89,5.35,5.34,5.87,74.85,63.46,0,4.25,4.655,4.991666666666667,6287
2020-12-09,4.89,4.89,4.89,4.89,3.97,3.75,5.35,5.34,5.87,6.45,83.23,70.05,0,4.67,4.991666666666667,5.391666666666667,6287
2020-12-10,5.35,5.37,5.35,5.35,3.97,3.75,5.34,5.87,6.45,6.85,88.43,76.18,0,5.119999999999999,5.391666666666667,5.791666666666667,6287
2020-12-11,5.83,5.83,5.32,5.34,3.97,3.75,5.87,6.45,6.85,6.17,84.43,78.93,0,5.345,5.791666666666667,6.005,6287
2020-12-14,5.87,5.87,5.87,5.87,5.87,3.75,6.45,6.85,6.17,5.8,89.62,82.49,0,5.605,6.005,6.079999999999999,6287
2020-12-15,6.45,6.45,6.45,6.45,5.87,3.75,6.85,6.17,5.8,6.38,93.08,86.02,0,6.16,6.079999999999999,6.253333333333334,6287
2020-12-16,7.07,7.07,6.4,6.85,5.87,3.75,6.17,5.8,6.38,6.96,93.11,88.38,0,6.65,6.253333333333334,6.435,6287
2020-12-17,6.85,6.85,6.17,6.17,5.87,3.75,5.8,6.38,6.96,6.95,85.76,87.51,0,6.51,6.435,6.5183333333333335,6287
2020-12-18,6.14,6.14,5.8,5.8,5.87,3.75,6.38,6.96,6.95,7.6,76.49,83.84,0,5.984999999999999,6.5183333333333335,6.6433333333333335,6287
2020-12-21,5.9,6.38,5.9,6.38,5.9,3.75,6.96,6.95,7.6,8.25,73.78,80.49,0,6.09,6.6433333333333335,6.989999999999999,6287
2020-12-22,7.01,7.01,6.96,6.96,5.9,3.75,6.95,7.6,8.25,8.7,80.42,80.47,0,6.67,6.989999999999999,7.473333333333334,6287
2020-12-23,6.95,6.95,6.48,6.95,5.9,3.75,7.6,8.25,8.7,8.2,84.66,81.87,1,6.955,7.473333333333334,7.776666666666666,6287
2020-12-24,7.5,7.6,7.5,7.6,5.9,3.75,8.25,8.7,8.2,8.39,89.77,84.5,0,7.275,7.776666666666666,8.015,6287
2020-12-25,7.9,8.25,7.9,8.25,5.9,3.75,8.7,8.2,8.39,8.0,93.18,87.39,0,7.925,8.015,8.19,6287
2020-12-28,8.3,8.7,8.3,8.7,8.3,3.75,8.2,8.39,8.0,8.0,95.45,90.08,0,8.475,8.19,8.256666666666666,6287
2020-12-29,8.7,8.7,7.83,8.2,8.3,3.75,8.39,8.0,8.0,7.42,91.22,90.46,0,8.45,8.256666666666666,8.118333333333334,6287
2020-12-30,7.38,8.4,7.38,8.39,8.3,3.75,8.0,8.0,7.42,7.2,90.58,90.5,0,8.295,8.118333333333334,7.868333333333335,6287
2020-12-31,8.34,8.45,7.95,8.0,8.3,3.75,8.0,7.42,7.2,6.83,85.39,88.8,0,8.195,7.868333333333335,7.640000000000001,6287
2021-01-04,8.0,8.18,8.0,8.0,8.0,8.0,7.42,7.2,6.83,6.4,79.75,85.78,0,8.0,7.640000000000001,7.308333333333334,6287
2021-01-05,7.6,7.6,7.42,7.42,8.0,8.0,7.2,6.83,6.4,7.0,67.28,79.61,0,7.71,7.308333333333334,7.141666666666667,6287
2021-01-06,7.98,7.98,6.69,7.2,8.0,8.0,6.83,6.4,7.0,6.8,53.31,70.84,0,7.3100000000000005,7.141666666666667,6.941666666666666,6287
2021-01-07,7.2,7.2,6.83,6.83,8.0,8.0,6.4,7.0,6.8,6.9,37.86,59.85,0,7.015000000000001,6.941666666666666,6.8549999999999995,6287
2021-01-08,6.81,6.81,6.21,6.4,8.0,8.0,7.0,6.8,6.9,6.8,27.78,49.16,0,6.615,6.8549999999999995,6.788333333333333,6287
2021-01-11,6.6,7.0,6.6,7.0,6.6,8.0,6.8,6.9,6.8,6.3,29.1,42.47,0,6.7,6.788333333333333,6.699999999999999,6287
2021-01-12,6.66,6.95,6.66,6.8,6.6,8.0,6.9,6.8,6.3,6.22,28.18,37.71,0,6.9,6.699999999999999,6.670000000000001,6287
2021-01-13,6.75,7.05,6.75,6.9,6.6,8.0,6.8,6.3,6.22,6.0,29.05,34.82,0,6.85,6.670000000000001,6.503333333333334,6287
2021-01-14,6.9,6.9,6.8,6.8,6.6,8.0,6.3,6.22,6.0,6.0,29.35,33.0,0,6.85,6.503333333333334,6.37,6287
2021-01-15,7.0,7.0,6.3,6.3,6.6,8.0,6.22,6.0,6.0,6.4,21.26,29.09,0,6.55,6.37,6.286666666666666,6287
2021-01-18,6.25,6.25,5.7,6.22,6.25,8.0,6.0,6.0,6.4,6.2,21.78,26.65,0,6.26,6.286666666666666,6.186666666666667,6287
2021-01-19,6.0,6.0,5.86,6.0,6.25,8.0,6.0,6.4,6.2,6.0,21.19,24.83,0,6.109999999999999,6.186666666666667,6.136666666666666,6287
2021-01-20,6.3,6.3,5.8,6.0,6.25,8.0,6.4,6.2,6.0,5.7,21.53,23.73,0,6.0,6.136666666666666,6.05,6287
2021-01-21,6.0,6.4,6.0,6.4,6.25,8.0,6.2,6.0,5.7,5.4,31.64,26.37,1,6.2,6.05,5.95,6287
2021-01-22,6.08,6.2,6.0,6.2,6.25,8.0,6.0,5.7,5.4,5.65,33.44,28.73,0,6.300000000000001,5.95,5.891666666666667,6287
2021-01-25,5.9,6.0,5.85,6.0,5.9,8.0,5.7,5.4,5.65,5.6,29.7,29.05,0,6.1,5.891666666666667,5.758333333333333,6287
2021-01-26,6.19,6.19,5.61,5.7,5.9,8.0,5.4,5.65,5.6,5.6,21.96,26.69,0,5.85,5.758333333333333,5.658333333333334,6287
2021-01-27,5.8,5.8,5.4,5.4,5.9,8.0,5.65,5.6,5.6,5.98,14.64,22.67,0,5.550000000000001,5.658333333333334,5.655000000000001,6287
2021-01-28,5.01,5.65,5.01,5.65,5.9,8.0,5.6,5.6,5.98,5.5,25.11,23.48,1,5.525,5.655000000000001,5.621666666666667,6287
2021-01-29,5.6,5.8,5.55,5.6,5.9,8.0,5.6,5.98,5.5,5.7,30.89,25.95,0,5.625,5.621666666666667,5.671666666666667,6287
2021-02-01,5.6,5.6,5.4,5.6,5.6,5.6,5.98,5.5,5.7,5.7,34.74,28.88,0,5.6,5.671666666666667,5.68,6287
2021-02-02,6.0,6.0,5.6,5.98,5.6,5.6,5.5,5.7,5.7,6.27,46.42,34.73,0,5.79,5.68,5.791666666666667,6287
2021-02-03,5.8,5.8,5.5,5.5,5.6,5.6,5.7,5.7,6.27,6.89,44.67,38.04,0,5.74,5.791666666666667,6.006666666666667,6287
2021-02-04,5.6,5.79,5.5,5.7,5.6,5.6,5.7,6.27,6.89,7.57,49.27,41.78,0,5.6,6.006666666666667,6.271666666666666,6287
2021-02-05,5.8,5.85,5.7,5.7,5.6,5.6,6.27,6.89,7.57,7.7,52.34,45.3,0,5.7,6.271666666666666,6.6383333333333345,6287
2021-02-17,5.8,6.27,5.8,6.27,5.8,5.6,6.89,7.57,7.7,7.8,68.23,52.94,0,5.984999999999999,6.6383333333333345,6.988333333333333,6287
2021-02-18,6.58,6.89,6.58,6.89,5.8,5.6,7.57,7.7,7.8,7.5,78.82,61.57,0,6.58,6.988333333333333,7.288333333333333,6287
2021-02-19,7.57,7.57,7.57,7.57,5.8,5.6,7.7,7.8,7.5,7.75,85.88,69.67,0,7.23,7.288333333333333,7.535,6287
2021-02-22,8.32,8.32,7.7,7.7,8.32,5.6,7.8,7.5,7.75,7.62,83.51,74.28,0,7.635,7.535,7.656666666666666,6287
2021-02-23,7.32,7.8,7.23,7.8,8.32,5.6,7.5,7.75,7.62,7.4,82.86,77.14,0,7.75,7.656666666666666,7.628333333333333,6287
2021-02-24,8.2,8.2,7.5,7.5,8.32,5.6,7.75,7.62,7.4,7.4,78.88,77.72,0,7.65,7.628333333333333,7.578333333333333,6287
2021-02-25,7.5,7.75,7.5,7.75,8.32,5.6,7.62,7.4,7.4,7.2,79.18,78.21,0,7.625,7.578333333333333,7.478333333333334,6287
2021-02-26,7.31,7.62,7.31,7.62,8.32,5.6,7.4,7.4,7.2,7.28,77.21,77.88,0,7.6850000000000005,7.478333333333334,7.441666666666667,6287
2021-03-02,7.98,7.98,7.34,7.4,7.98,7.98,7.4,7.2,7.28,7.27,72.64,76.13,0,7.51,7.441666666666667,7.361666666666667,6287
2021-03-03,7.2,7.4,7.2,7.4,7.98,7.98,7.2,7.28,7.27,7.15,64.14,72.13,0,7.4,7.361666666666667,7.283333333333332,6287
2021-03-04,7.3,7.3,7.1,7.2,7.98,7.98,7.28,7.27,7.15,7.1,45.49,63.25,0,7.300000000000001,7.283333333333332,7.233333333333334,6287
2021-03-05,7.01,7.28,7.01,7.28,7.98,7.98,7.27,7.15,7.1,7.0,37.2,54.57,0,7.24,7.233333333333334,7.166666666666667,6287
2021-03-08,7.28,7.5,7.0,7.27,7.28,7.98,7.15,7.1,7.0,6.76,32.3,47.15,0,7.275,7.166666666666667,7.093333333333334,6287
2021-03-09,7.02,7.15,7.02,7.15,7.28,7.98,7.1,7.0,6.76,7.0,25.7,40.0,0,7.21,7.093333333333334,7.046666666666667,6287
2021-03-10,7.15,7.15,7.07,7.1,7.28,7.98,7.0,6.76,7.0,7.3,20.53,33.51,0,7.125,7.046666666666667,7.051666666666666,6287
2021-03-11,6.95,7.0,6.95,7.0,7.28,7.98,6.76,7.0,7.3,7.16,15.3,27.44,0,7.05,7.051666666666666,7.053333333333332,6287
2021-03-12,6.9,6.9,6.71,6.76,7.28,7.98,7.0,7.3,7.16,7.24,11.51,22.13,0,6.88,7.053333333333332,7.076666666666667,6287
2021-03-15,6.71,7.0,6.71,7.0,6.71,7.98,7.3,7.16,7.24,7.5,19.91,21.39,0,6.88,7.076666666666667,7.16,6287
2021-03-16,7.0,7.3,7.0,7.3,6.71,7.98,7.16,7.24,7.5,8.0,38.17,26.98,1,7.15,7.16,7.366666666666667,6287
2021-03-17,7.3,7.3,7.16,7.16,6.71,7.98,7.24,7.5,8.0,7.8,44.43,32.8,0,7.23,7.366666666666667,7.5,6287
2021-03-18,7.38,7.38,7.24,7.24,6.71,7.98,7.5,8.0,7.8,7.7,51.98,39.19,0,7.2,7.5,7.566666666666666,6287
2021-03-19,7.34,7.5,7.22,7.5,6.71,7.98,8.0,7.8,7.7,7.56,67.99,48.79,0,7.37,7.566666666666666,7.633333333333334,6287
2021-03-22,7.6,8.0,7.6,8.0,7.6,7.98,7.8,7.7,7.56,7.6,78.66,58.75,0,7.75,7.633333333333334,7.693333333333334,6287
2021-03-23,8.1,8.21,7.7,7.8,7.6,7.98,7.7,7.56,7.6,7.26,76.66,64.72,0,7.9,7.693333333333334,7.653333333333332,6287
2021-03-24,7.9,7.91,7.6,7.7,7.6,7.98,7.56,7.6,7.26,7.98,73.11,67.52,0,7.75,7.653333333333332,7.649999999999999,6287
2021-03-25,7.7,7.7,7.56,7.56,7.6,7.98,7.6,7.26,7.98,8.77,67.63,67.56,0,7.63,7.649999999999999,7.811666666666665,6287
2021-03-26,7.6,7.7,7.6,7.6,7.6,7.98,7.26,7.98,8.77,9.0,61.62,65.58,0,7.58,7.811666666666665,8.028333333333334,6287
2021-03-29,7.6,7.6,7.26,7.26,7.6,7.98,7.98,8.77,9.0,8.85,44.25,58.47,0,7.43,8.028333333333334,8.243333333333334,6287
2021-03-30,7.3,7.98,7.01,7.98,7.6,7.98,8.77,9.0,8.85,8.7,56.44,57.79,0,7.62,8.243333333333334,8.426666666666668,6287
2021-03-31,8.77,8.77,8.77,8.77,7.6,7.98,9.0,8.85,8.7,8.18,70.96,62.18,1,8.375,8.426666666666668,8.58,6287
2021-04-01,9.64,9.64,8.9,9.0,7.6,9.64,8.85,8.7,8.18,8.5,72.53,65.63,0,8.885,8.58,8.666666666666666,6287
2021-04-06,9.4,9.4,8.8,8.85,9.4,9.64,8.7,8.18,8.5,8.05,71.67,67.64,0,8.925,8.666666666666666,8.546666666666667,6287
2021-04-07,8.4,8.7,8.25,8.7,9.4,9.64,8.18,8.5,8.05,8.0,69.2,68.16,0,8.774999999999999,8.546666666666667,8.38,6287
2021-04-08,8.8,8.8,8.18,8.18,9.4,9.64,8.5,8.05,8.0,8.2,60.96,65.76,0,8.44,8.38,8.271666666666667,6287
2021-04-09,8.2,8.5,8.2,8.5,9.4,9.64,8.05,8.0,8.2,8.16,59.52,63.68,0,8.34,8.271666666666667,8.181666666666667,6287
2021-04-12,8.55,8.55,8.05,8.05,8.55,9.64,8.0,8.2,8.16,8.1,52.86,60.07,0,8.275,8.181666666666667,8.168333333333333,6287
2021-04-13,8.0,8.3,8.0,8.0,8.55,9.64,8.2,8.16,8.1,7.9,47.79,55.98,0,8.025,8.168333333333333,8.068333333333333,6287
2021-04-14,8.0,8.2,7.85,8.2,8.55,9.64,8.16,8.1,7.9,7.75,38.38,50.11,0,8.1,8.068333333333333,8.018333333333333,6287
2021-04-15,8.16,8.16,8.15,8.16,8.55,9.64,8.1,7.9,7.75,8.52,31.36,43.86,0,8.18,8.018333333333333,8.104999999999999,6287
2021-04-16,8.2,8.2,8.0,8.1,8.55,9.64,7.9,7.75,8.52,8.46,26.28,38.0,0,8.129999999999999,8.104999999999999,8.148333333333332,6287
2021-04-19,8.0,8.05,7.9,7.9,8.0,9.64,7.75,8.52,8.46,8.5,19.27,31.76,0,8.0,8.148333333333332,8.205,6287
2021-04-20,7.88,7.88,7.68,7.75,8.0,9.64,8.52,8.46,8.5,8.8,14.93,26.15,0,7.825,8.205,8.321666666666667,6287
2021-04-21,7.86,8.52,7.86,8.52,8.0,9.64,8.46,8.5,8.8,8.79,42.14,31.48,1,8.135,8.321666666666667,8.47,6287
2021-04-22,8.74,9.0,8.0,8.46,8.0,9.64,8.5,8.8,8.79,8.51,47.79,36.92,0,8.49,8.47,8.596666666666666,6287
2021-04-23,8.3,8.5,8.22,8.5,8.0,9.64,8.8,8.79,8.51,8.8,52.57,42.14,0,8.48,8.596666666666666,8.643333333333333,6287
2021-04-26,9.35,9.35,8.8,8.8,9.35,9.64,8.79,8.51,8.8,8.0,57.4,47.23,0,8.65,8.643333333333333,8.566666666666668,6287
2021-04-27,8.95,8.95,8.6,8.79,9.35,9.64,8.51,8.8,8.0,7.45,60.42,51.63,0,8.795,8.566666666666668,8.391666666666667,6287
2021-04-28,9.0,9.0,8.51,8.51,9.35,9.64,8.8,8.0,7.45,7.66,56.85,53.37,0,8.649999999999999,8.391666666666667,8.201666666666666,6287
2021-04-29,8.5,8.8,8.45,8.8,9.35,9.64,8.0,7.45,7.66,7.68,60.26,55.67,0,8.655000000000001,8.201666666666666,8.016666666666667,6287
2021-05-03,8.75,8.75,8.0,8.0,8.75,8.75,7.45,7.66,7.68,8.0,46.56,52.63,0,8.4,8.016666666666667,7.9316666666666675,6287
2021-05-04,7.95,7.95,7.26,7.45,8.75,8.75,7.66,7.68,8.0,7.88,34.07,46.44,0,7.725,7.9316666666666675,7.778333333333333,6287
2021-05-05,7.4,8.0,7.4,7.66,8.75,8.75,7.68,8.0,7.88,7.59,29.09,40.66,0,7.555,7.778333333333333,7.710000000000001,6287
2021-05-06,7.66,7.8,7.66,7.68,8.75,8.75,8.0,7.88,7.59,7.0,26.09,35.8,0,7.67,7.710000000000001,7.635000000000001,6287
2021-05-07,8.0,8.0,7.99,8.0,8.75,8.75,7.88,7.59,7.0,7.2,29.2,33.6,0,7.84,7.635000000000001,7.558333333333334,6287
2021-05-10,7.56,7.9,7.56,7.88,7.56,8.75,7.59,7.0,7.2,7.0,31.34,32.85,0,7.9399999999999995,7.558333333333334,7.445,6287
2021-05-11,7.57,8.0,7.57,7.59,7.56,8.75,7.0,7.2,7.0,6.3,27.22,30.97,0,7.734999999999999,7.445,7.161666666666666,6287
2021-05-12,7.4,7.4,6.84,7.0,7.56,8.75,7.2,7.0,6.3,6.7,20.87,27.6,0,7.295,7.161666666666666,6.965,6287
2021-05-13,6.31,7.3,6.31,7.2,7.56,8.75,7.0,6.3,6.7,6.51,26.07,27.09,0,7.1,6.965,6.785,6287
2021-05-14,7.5,7.5,6.62,7.0,7.56,8.75,6.3,6.7,6.51,7.16,30.99,28.39,1,7.1,6.785,6.811666666666667,6287
2021-05-17,6.34,6.6,6.3,6.3,6.34,8.75,6.7,6.51,7.16,6.98,20.66,25.81,0,6.65,6.811666666666667,6.775000000000001,6287
2021-05-18,6.35,6.87,6.35,6.7,6.34,8.75,6.51,7.16,6.98,6.99,21.62,24.41,0,6.5,6.775000000000001,6.773333333333333,6287
2021-05-19,6.11,6.66,6.11,6.51,6.34,8.75,7.16,6.98,6.99,7.0,21.47,23.43,0,6.605,6.773333333333333,6.890000000000001,6287
2021-05-20,6.8,7.16,6.8,7.16,6.34,8.75,6.98,6.99,7.0,7.36,32.83,26.56,1,6.835,6.890000000000001,7.0,6287
2021-05-21,7.4,7.4,6.9,6.98,6.34,8.75,6.99,7.0,7.36,6.98,37.23,30.12,0,7.07,7.0,7.078333333333333,6287
2021-05-24,7.0,7.0,6.97,6.99,7.0,8.75,7.0,7.36,6.98,7.2,45.92,35.39,0,6.985,7.078333333333333,7.085000000000001,6287
2021-05-25,7.2,7.2,7.0,7.0,7.0,8.75,7.36,6.98,7.2,7.0,51.96,40.91,0,6.995,7.085000000000001,7.088333333333334,6287
2021-05-26,6.53,7.36,6.53,7.36,7.0,8.75,6.98,7.2,7.0,7.02,64.62,48.81,0,7.18,7.088333333333334,7.093333333333334,6287
2021-05-27,7.5,7.5,6.71,6.98,7.0,8.75,7.2,7.0,7.02,7.45,63.94,53.85,0,7.17,7.093333333333334,7.168333333333334,6287
2021-05-28,7.29,7.29,7.0,7.2,7.0,8.75,7.0,7.02,7.45,7.4,68.77,58.82,0,7.09,7.168333333333334,7.175,6287
2021-05-31,7.49,7.49,6.81,7.0,7.49,8.75,7.02,7.45,7.4,7.29,67.19,61.61,0,7.1,7.175,7.226666666666667,6287
2021-06-01,7.12,7.25,7.0,7.02,7.49,7.12,7.45,7.4,7.29,6.86,61.63,61.62,0,7.01,7.226666666666667,7.169999999999999,6287
2021-06-02,7.02,7.45,7.02,7.45,7.49,7.12,7.4,7.29,6.86,7.12,72.7,65.31,0,7.234999999999999,7.169999999999999,7.189999999999999,6287
2021-06-03,7.4,7.4,7.03,7.4,7.49,7.12,7.29,6.86,7.12,7.15,78.36,69.66,0,7.425000000000001,7.189999999999999,7.211666666666666,6287
2021-06-04,7.06,7.29,7.0,7.29,7.49,7.12,6.86,7.12,7.15,7.35,78.36,72.56,0,7.345000000000001,7.211666666666666,7.195,6287
2021-06-07,6.85,6.86,6.85,6.86,6.85,7.12,7.12,7.15,7.35,7.6,63.58,69.57,0,7.075,7.195,7.228333333333334,6287
2021-06-08,7.1,7.2,7.1,7.12,6.85,7.12,7.15,7.35,7.6,7.36,59.69,66.28,0,6.99,7.228333333333334,7.240000000000001,6287
2021-06-09,7.15,7.15,7.0,7.15,6.85,7.12,7.35,7.6,7.36,7.35,56.46,63.01,0,7.135,7.240000000000001,7.321666666666666,6287
2021-06-10,6.81,7.35,6.81,7.35,6.85,7.12,7.6,7.36,7.35,7.35,64.11,63.38,1,7.25,7.321666666666666,7.36,6287
2021-06-11,7.35,7.8,7.35,7.6,6.85,7.12,7.36,7.35,7.35,7.7,69.34,65.37,0,7.475,7.36,7.451666666666667,6287
2021-06-15,7.65,7.65,7.35,7.36,7.65,7.12,7.35,7.35,7.7,7.45,64.75,65.16,0,7.48,7.451666666666667,7.468333333333335,6287
2021-06-16,7.36,7.36,7.35,7.35,7.65,7.12,7.35,7.7,7.45,7.5,61.35,63.89,0,7.355,7.468333333333335,7.451666666666667,6287
2021-06-17,7.49,7.49,7.35,7.35,7.65,7.12,7.7,7.45,7.5,7.63,59.08,62.29,0,7.35,7.451666666666667,7.496666666666666,6287
2021-06-18,7.5,7.7,7.4,7.7,7.65,7.12,7.45,7.5,7.63,7.75,69.35,64.64,1,7.525,7.496666666666666,7.5633333333333335,6287
2021-06-21,7.68,7.68,7.45,7.45,7.68,7.12,7.5,7.63,7.75,8.0,67.78,65.69,0,7.575,7.5633333333333335,7.671666666666667,6287
2021-06-22,7.45,7.5,7.45,7.5,7.68,7.12,7.63,7.75,8.0,8.01,68.42,66.6,0,7.475,7.671666666666667,7.723333333333333,6287
2021-06-23,7.57,7.63,7.57,7.63,7.68,7.12,7.75,8.0,8.01,8.5,73.22,68.81,0,7.5649999999999995,7.723333333333333,7.898333333333333,6287
2021-06-24,7.63,7.75,7.55,7.75,7.68,7.12,8.0,8.01,8.5,8.41,78.44,72.02,0,7.6899999999999995,7.898333333333333,8.049999999999999,6287
2021-06-25,8.33,8.33,7.8,8.0,7.68,7.12,8.01,8.5,8.41,8.6,74.4,72.81,0,7.875,8.049999999999999,8.211666666666668,6287
2021-06-28,7.9,8.01,7.9,8.01,7.9,7.12,8.5,8.41,8.6,9.0,72.05,72.56,0,8.004999999999999,8.211666666666668,8.42,6287
2021-06-29,8.01,8.5,8.01,8.5,7.9,7.12,8.41,8.6,9.0,9.55,81.37,75.5,1,8.254999999999999,8.42,8.678333333333333,6287
2021-06-30,8.7,8.7,8.41,8.41,7.9,7.12,8.6,9.0,9.55,10.5,80.14,77.05,0,8.455,8.678333333333333,9.093333333333334,6287
2021-07-01,8.6,8.6,8.38,8.6,7.9,8.6,9.0,9.55,10.5,11.55,84.09,79.4,0,8.504999999999999,9.093333333333334,9.601666666666667,6287
2021-07-02,8.6,9.0,8.6,9.0,7.9,8.6,9.55,10.5,11.55,12.7,89.39,82.73,0,8.8,9.601666666666667,10.316666666666668,6287
2021-07-05,9.9,9.9,9.3,9.55,9.9,8.6,10.5,11.55,12.7,12.8,87.96,84.47,0,9.275,10.316666666666668,11.016666666666666,6287
2021-07-06,9.8,10.5,9.8,10.5,9.9,8.6,11.55,12.7,12.8,13.4,91.97,86.97,0,10.025,11.016666666666666,11.75,6287
2021-07-07,11.55,11.55,11.55,11.55,9.9,8.6,12.7,12.8,13.4,13.4,94.65,89.53,0,11.025,11.75,12.391666666666666,6287
2021-07-08,12.7,12.7,12.7,12.7,9.9,8.6,12.8,13.4,13.4,12.5,96.43,91.83,0,12.125,12.391666666666666,12.725,6287
2021-07-09,13.95,13.95,11.45,12.8,9.9,8.6,13.4,13.4,12.5,12.5,91.17,91.61,0,12.75,12.725,12.883333333333333,6287
2021-07-12,13.1,13.7,13.1,13.4,13.1,8.6,13.4,12.5,12.5,13.0,90.82,91.35,0,13.100000000000001,12.883333333333333,12.933333333333332,6287
2021-07-13,13.9,14.0,13.4,13.4,13.1,8.6,12.5,12.5,13.0,13.0,90.32,91.01,0,13.4,12.933333333333332,12.966666666666667,6287
2021-07-14,13.45,13.45,12.1,12.5,13.1,8.6,12.5,13.0,13.0,12.65,84.29,88.77,0,12.95,12.966666666666667,12.841666666666669,6287
2021-07-15,11.55,12.5,11.55,12.5,13.1,8.6,13.0,13.0,12.65,13.0,78.89,85.48,0,12.5,12.841666666666669,12.775,6287
2021-07-16,11.85,13.0,11.85,13.0,13.1,8.6,13.0,12.65,13.0,13.5,77.99,82.98,0,12.75,12.775,12.941666666666668,6287
2021-07-19,13.0,13.0,13.0,13.0,13.0,8.6,12.65,13.0,13.5,14.5,72.25,79.4,0,13.0,12.941666666666668,13.275,6287
2021-07-20,13.0,13.0,12.55,12.65,13.0,8.6,13.0,13.5,14.5,15.95,63.85,74.22,0,12.825,13.275,13.766666666666667,6287
2021-07-21,12.65,13.0,12.65,13.0,13.0,8.6,13.5,14.5,15.95,14.9,62.83,70.42,0,12.825,13.766666666666667,14.083333333333334,6287
2021-07-22,12.6,13.5,12.6,13.5,13.0,8.6,14.5,15.95,14.9,15.3,68.42,69.75,0,13.25,14.083333333333334,14.525,6287
2021-07-23,13.75,14.5,13.75,14.5,13.0,8.6,15.95,14.9,15.3,16.8,78.95,72.82,1,14.0,14.525,15.158333333333333,6287
2021-07-26,14.6,15.95,14.6,15.95,14.6,8.6,14.9,15.3,16.8,17.0,85.97,77.2,0,15.225,15.158333333333333,15.741666666666667,6287
2021-07-27,16.5,17.2,14.5,14.9,14.6,8.6,15.3,16.8,17.0,17.3,77.08,77.16,0,15.425,15.741666666666667,16.208333333333332,6287
2021-07-28,14.9,15.3,13.6,15.3,14.6,8.6,16.8,17.0,17.3,17.0,72.88,75.73,0,15.100000000000001,16.208333333333332,16.383333333333333,6287
2021-07-29,15.3,16.8,15.3,16.8,14.6,8.6,17.0,17.3,17.0,16.25,79.05,76.84,1,16.05,16.383333333333333,16.608333333333334,6287
2021-07-30,18.2,18.2,16.35,17.0,14.6,8.6,17.3,17.0,16.25,16.0,78.95,77.54,0,16.9,16.608333333333334,16.724999999999998,6287
2021-08-02,17.0,17.9,17.0,17.3,17.0,17.0,17.0,16.25,16.0,14.8,80.61,78.56,0,17.15,16.724999999999998,16.391666666666666,6287
2021-08-03,18.0,18.0,16.1,17.0,17.0,17.0,16.25,16.0,14.8,13.4,79.93,79.02,0,17.15,16.391666666666666,15.791666666666666,6287
2021-08-04,17.0,17.0,16.25,16.25,17.0,17.0,16.0,14.8,13.4,12.4,72.49,76.84,0,16.625,15.791666666666666,14.975000000000001,6287
2021-08-05,16.2,16.2,15.75,16.0,17.0,17.0,14.8,13.4,12.4,13.6,65.72,73.13,0,16.125,14.975000000000001,14.408333333333331,6287
2021-08-06,16.0,16.0,14.8,14.8,17.0,17.0,13.4,12.4,13.6,14.3,52.51,66.26,0,15.4,14.408333333333331,14.083333333333334,6287
2021-08-09,15.0,15.0,13.4,13.4,15.0,17.0,12.4,13.6,14.3,14.5,35.01,55.84,0,14.100000000000001,14.083333333333334,13.833333333333334,6287
2021-08-10,13.4,13.4,12.4,12.4,15.0,17.0,13.6,14.3,14.5,14.95,23.34,45.01,0,12.9,13.833333333333334,13.858333333333334,6287
2021-08-11,12.4,13.6,12.35,13.6,15.0,17.0,14.3,14.5,14.95,14.75,22.68,37.57,0,13.0,13.858333333333334,14.083333333333334,6287
2021-08-12,14.6,14.9,13.9,14.3,15.0,17.0,14.5,14.95,14.75,14.9,26.62,33.92,0,13.95,14.083333333333334,14.5,6287
2021-08-13,14.2,14.5,13.75,14.5,15.0,17.0,14.95,14.75,14.9,14.1,30.43,32.76,0,14.4,14.5,14.583333333333334,6287
2021-08-16,15.95,15.95,14.4,14.95,15.95,17.0,14.75,14.9,14.1,13.05,38.92,34.81,1,14.725,14.583333333333334,14.375,6287
2021-08-17,14.5,14.85,14.5,14.75,15.95,17.0,14.9,14.1,13.05,14.35,46.73,38.78,0,14.85,14.375,14.35,6287
2021-08-18,14.1,14.9,14.0,14.9,15.95,17.0,14.1,13.05,14.35,13.7,54.44,44.0,0,14.825,14.35,14.141666666666666,6287
2021-08-19,14.5,14.5,13.8,14.1,15.95,17.0,13.05,14.35,13.7,13.7,52.5,46.83,0,14.5,14.141666666666666,13.966666666666667,6287
2021-08-20,13.9,13.9,12.75,13.05,15.95,17.0,14.35,13.7,13.7,13.25,41.48,45.05,0,13.575,13.966666666666667,13.691666666666668,6287
2021-08-23,13.3,14.35,13.3,14.35,13.3,17.0,13.7,13.7,13.25,13.65,46.17,45.42,1,13.7,13.691666666666668,13.616666666666667,6287
2021-08-24,14.35,14.35,12.95,13.7,13.3,17.0,13.7,13.25,13.65,13.7,40.68,43.84,0,14.024999999999999,13.616666666666667,13.725000000000001,6287
2021-08-25,13.4,13.85,13.4,13.7,13.3,17.0,13.25,13.65,13.7,13.85,37.02,41.57,0,13.7,13.725000000000001,13.641666666666666,6287
2021-08-26,14.0,14.0,13.1,13.25,13.3,17.0,13.65,13.7,13.85,14.3,29.89,37.68,0,13.475,13.641666666666666,13.741666666666665,6287
2021-08-27,13.25,13.65,13.25,13.65,13.3,17.0,13.7,13.85,14.3,14.1,33.88,36.41,0,13.45,13.741666666666665,13.808333333333332,6287
2021-08-30,13.5,13.7,13.5,13.7,13.5,17.0,13.85,14.3,14.1,14.2,37.32,36.71,1,13.675,13.808333333333332,13.966666666666667,6287
2021-08-31,12.9,13.9,12.9,13.85,13.5,17.0,14.3,14.1,14.2,13.75,45.83,39.75,0,13.774999999999999,13.966666666666667,13.983333333333333,6287
2021-09-01,13.95,14.3,13.95,14.3,13.5,13.95,14.1,14.2,13.75,13.45,62.85,47.45,0,14.075,13.983333333333333,13.941666666666668,6287
2021-09-02,14.5,14.5,14.1,14.1,13.5,13.95,14.2,13.75,13.45,13.4,66.9,53.93,0,14.2,13.941666666666668,13.866666666666667,6287
2021-09-03,14.1,14.3,14.1,14.2,13.5,13.95,13.75,13.45,13.4,13.9,71.68,59.85,0,14.149999999999999,13.866666666666667,13.800000000000002,6287
2021-09-06,14.2,14.2,13.7,13.75,14.2,13.95,13.45,13.4,13.9,13.75,65.5,61.73,0,13.975,13.800000000000002,13.741666666666667,6287
2021-09-07,13.05,13.75,13.05,13.45,14.2,13.95,13.4,13.9,13.75,13.3,55.12,59.53,0,13.6,13.741666666666667,13.591666666666667,6287
2021-09-08,13.9,13.9,13.1,13.4,14.2,13.95,13.9,13.75,13.3,13.6,47.16,55.41,0,13.425,13.591666666666667,13.566666666666665,6287
2021-09-09,13.2,13.9,13.2,13.9,14.2,13.95,13.75,13.3,13.6,13.4,52.27,54.36,0,13.65,13.566666666666665,13.558333333333332,6287
2021-09-10,13.8,13.8,13.1,13.75,14.2,13.95,13.3,13.6,13.4,13.2,52.55,53.76,0,13.825,13.558333333333332,13.525,6287
2021-09-13,13.6,13.6,13.3,13.3,13.6,13.95,13.6,13.4,13.2,13.0,40.78,49.43,0,13.525,13.525,13.375,6287
2021-09-14,13.3,13.7,13.3,13.6,13.6,13.95,13.4,13.2,13.0,12.5,39.83,46.23,0,13.45,13.375,13.166666666666666,6287
2021-09-15,13.4,13.4,13.4,13.4,13.6,13.95,13.2,13.0,12.5,12.85,35.89,42.78,0,13.5,13.166666666666666,13.091666666666667,6287
2021-09-16,13.4,13.4,13.2,13.2,13.6,13.95,13.0,12.5,12.85,12.8,28.27,37.94,0,13.3,13.091666666666667,12.958333333333334,6287
2021-09-17,13.5,13.5,12.9,13.0,13.6,13.95,12.5,12.85,12.8,13.0,22.18,32.69,0,13.1,12.958333333333334,12.891666666666667,6287
2021-09-22,13.0,13.0,12.5,12.5,13.0,13.95,12.85,12.8,13.0,13.0,14.79,26.72,0,12.75,12.891666666666667,12.858333333333334,6287
2021-09-23,12.6,13.0,12.6,12.85,13.0,13.95,12.8,13.0,13.0,12.85,18.19,23.88,0,12.675,12.858333333333334,12.833333333333334,6287
2021-09-24,12.5,12.9,12.5,12.8,13.0,13.95,13.0,13.0,12.85,13.1,19.82,22.53,0,12.825,12.833333333333334,12.933333333333332,6287
2021-09-27,12.5,13.0,12.3,13.0,12.5,13.95,13.0,12.85,13.1,12.8,29.88,24.98,1,12.9,12.933333333333332,12.924999999999999,6287
2021-09-28,13.0,13.0,12.65,13.0,12.5,13.95,12.85,13.1,12.8,12.25,36.59,28.85,0,13.0,12.924999999999999,12.833333333333334,6287
2021-09-29,12.95,12.95,12.85,12.85,12.5,13.95,13.1,12.8,12.25,11.9,39.67,32.46,0,12.925,12.833333333333334,12.65,6287
2021-09-30,12.8,13.1,12.8,13.1,12.5,13.95,12.8,12.25,11.9,11.75,48.67,37.86,0,12.975,12.65,12.441666666666668,6287
2021-10-01,13.1,13.1,12.8,12.8,12.5,13.1,12.25,11.9,11.75,12.4,46.34,40.69,0,12.95,12.441666666666668,12.366666666666667,6287
2021-10-04,12.8,12.8,12.25,12.25,12.8,13.1,11.9,11.75,12.4,12.2,30.89,37.42,0,12.525,12.366666666666667,12.216666666666667,6287
2021-10-05,12.2,12.2,11.9,11.9,12.8,13.1,11.75,12.4,12.2,11.7,20.59,31.81,0,12.075,12.216666666666667,12.033333333333333,6287
2021-10-06,11.9,12.0,11.75,11.75,12.8,13.1,12.4,12.2,11.7,11.3,13.73,25.78,0,11.825,12.033333333333333,11.875,6287
2021-10-07,12.9,12.9,12.1,12.4,12.8,13.1,12.2,11.7,11.3,11.35,25.2,25.59,0,12.075,11.875,11.783333333333331,6287
2021-10-08,12.2,12.45,12.2,12.2,12.8,13.1,11.7,11.3,11.35,12.0,27.91,26.36,1,12.3,11.783333333333331,11.824999999999998,6287
2021-10-12,12.05,12.1,11.7,11.7,12.05,13.1,11.3,11.35,12.0,11.45,18.61,23.78,0,11.95,11.824999999999998,11.666666666666666,6287
2021-10-13,11.35,11.4,11.3,11.3,12.05,13.1,11.35,12.0,11.45,11.6,12.41,19.99,0,11.5,11.666666666666666,11.566666666666665,6287
2021-10-14,11.25,11.35,11.25,11.35,12.05,13.1,12.0,11.45,11.6,11.8,10.08,16.69,0,11.325,11.566666666666665,11.583333333333334,6287
2021-10-15,11.95,12.0,11.95,12.0,12.05,13.1,11.45,11.6,11.8,11.5,21.87,18.42,1,11.675,11.583333333333334,11.616666666666667,6287
2021-10-18,11.4,11.45,11.4,11.45,11.4,13.1,11.6,11.8,11.5,11.4,18.62,18.49,0,11.725,11.616666666666667,11.625,6287
2021-10-19,11.45,11.6,11.45,11.6,11.4,13.1,11.8,11.5,11.4,11.6,19.48,18.82,0,11.524999999999999,11.625,11.558333333333332,6287
2021-10-20,11.35,11.9,11.35,11.8,11.4,13.1,11.5,11.4,11.6,12.4,24.1,20.58,0,11.7,11.558333333333332,11.716666666666667,6287
2021-10-21,11.95,11.95,11.5,11.5,11.4,13.1,11.4,11.6,12.4,12.5,23.01,21.39,0,11.65,11.716666666666667,11.866666666666667,6287
2021-10-22,11.45,11.45,11.35,11.4,11.4,13.1,11.6,12.4,12.5,12.45,21.22,21.33,0,11.45,11.866666666666667,11.975,6287
2021-10-25,11.5,11.6,11.5,11.6,11.5,13.1,12.4,12.5,12.45,11.9,29.7,24.12,1,11.5,11.975,12.041666666666666,6287
2021-10-26,11.8,12.4,11.75,12.4,11.5,13.1,12.5,12.45,11.9,12.0,53.13,33.79,0,12.0,12.041666666666666,12.141666666666666,6287
2021-10-27,12.3,13.3,12.3,12.5,11.5,13.1,12.45,11.9,12.0,12.05,55.08,40.89,0,12.45,12.141666666666666,12.216666666666667,6287
2021-10-28,12.3,12.75,12.3,12.45,11.5,13.1,11.9,12.0,12.05,12.05,55.52,45.77,0,12.475,12.216666666666667,12.158333333333333,6287
2021-10-29,12.2,12.5,11.7,11.9,11.5,13.1,12.0,12.05,12.05,12.2,46.42,45.99,0,12.175,12.158333333333333,12.108333333333334,6287
2021-11-01,11.7,12.25,11.7,12.0,11.7,11.7,12.05,12.05,12.2,12.5,42.06,44.68,0,11.95,12.108333333333334,12.116666666666667,6287
2021-11-02,12.0,12.25,12.0,12.05,11.7,11.7,12.05,12.2,12.5,12.2,40.01,43.12,0,12.025,12.116666666666667,12.166666666666666,6287
2021-11-03,12.4,12.4,12.0,12.05,11.7,11.7,12.2,12.5,12.2,12.5,38.64,41.63,0,12.05,12.166666666666666,12.25,6287
2021-11-04,12.2,12.25,12.0,12.2,11.7,11.7,12.5,12.2,12.5,12.45,38.72,40.66,0,12.125,12.25,12.316666666666668,6287
2021-11-05,12.5,12.6,12.5,12.5,11.7,11.7,12.2,12.5,12.45,12.2,42.48,41.27,1,12.35,12.316666666666668,12.341666666666667,6287
2021-11-08,12.5,12.5,12.2,12.2,12.5,11.7,12.5,12.45,12.2,11.95,38.74,40.43,0,12.35,12.341666666666667,12.300000000000002,6287
2021-11-09,12.4,12.5,12.4,12.5,12.5,11.7,12.45,12.2,11.95,11.5,51.22,44.03,1,12.35,12.300000000000002,12.133333333333333,6287
2021-11-10,12.3,12.45,12.25,12.45,12.5,11.7,12.2,11.95,11.5,11.35,61.92,49.99,0,12.475,12.133333333333333,11.991666666666665,6287
2021-11-11,12.2,12.2,12.15,12.2,12.5,11.7,11.95,11.5,11.35,11.3,59.8,53.26,0,12.325,11.991666666666665,11.791666666666666,6287
2021-11-12,12.2,12.2,11.95,11.95,12.5,11.7,11.5,11.35,11.3,11.2,39.87,48.8,0,12.075,11.791666666666666,11.583333333333334,6287
2021-11-15,11.95,11.95,11.5,11.5,11.95,11.7,11.35,11.3,11.2,11.2,26.58,41.39,0,11.725,11.583333333333334,11.416666666666666,6287
2021-11-16,11.5,11.5,11.35,11.35,11.95,11.7,11.3,11.2,11.2,11.25,17.72,33.5,0,11.425,11.416666666666666,11.300000000000002,6287
2021-11-17,11.35,11.35,11.05,11.3,11.95,11.7,11.2,11.2,11.25,12.35,17.19,28.06,0,11.325,11.300000000000002,11.441666666666665,6287
2021-11-18,11.3,11.3,11.05,11.2,11.95,11.7,11.2,11.25,12.35,13.3,14.91,23.68,0,11.25,11.441666666666665,11.766666666666667,6287
2021-11-19,11.2,11.2,11.2,11.2,11.95,11.7,11.25,12.35,13.3,12.9,13.39,20.25,0,11.2,11.766666666666667,12.033333333333333,6287
2021-11-22,11.2,11.25,11.2,11.25,11.2,11.7,12.35,13.3,12.9,13.3,13.69,18.06,0,11.225,12.033333333333333,12.383333333333333,6287
2021-11-23,11.35,12.35,11.35,12.35,11.2,11.7,13.3,12.9,13.3,13.0,42.46,26.19,1,11.8,12.383333333333333,12.683333333333335,6287
2021-11-24,13.55,13.55,13.3,13.3,11.2,11.7,12.9,13.3,13.0,13.0,58.31,36.9,0,12.825,12.683333333333335,12.975,6287
2021-11-25,12.7,13.3,12.5,12.9,11.2,11.7,13.3,13.0,13.0,12.9,63.54,45.78,0,13.100000000000001,12.975,13.066666666666668,6287
2021-11-26,12.9,13.5,12.5,13.3,11.2,11.7,13.0,13.0,12.9,12.85,72.36,54.64,0,13.100000000000001,13.066666666666668,12.991666666666667,6287
2021-11-29,13.3,13.3,12.3,13.0,13.3,11.7,13.0,12.9,12.85,12.75,74.24,61.17,0,13.15,12.991666666666667,12.966666666666667,6287
2021-11-30,13.0,13.0,13.0,13.0,13.3,11.7,12.9,12.85,12.75,12.7,75.49,65.94,0,13.0,12.966666666666667,12.866666666666667,6287
2021-12-01,12.95,13.0,12.65,12.9,13.3,12.95,12.85,12.75,12.7,12.6,74.44,68.77,0,12.95,12.866666666666667,12.799999999999999,6287
2021-12-02,13.0,13.0,12.85,12.85,13.3,12.95,12.75,12.7,12.6,12.7,73.03,70.19,0,12.875,12.799999999999999,12.75,6287
2021-12-03,13.0,13.0,12.75,12.75,13.3,12.95,12.7,12.6,12.7,12.65,69.9,70.09,0,12.8,12.75,12.708333333333334,6287
2021-12-06,12.85,12.85,12.7,12.7,12.85,12.95,12.6,12.7,12.65,12.5,57.27,65.82,0,12.725,12.708333333333334,12.65,6287
2021-12-07,12.7,12.7,12.5,12.6,12.85,12.95,12.7,12.65,12.5,12.0,46.51,59.38,0,12.649999999999999,12.65,12.525,6287
2021-12-08,12.7,12.75,12.5,12.7,12.85,12.95,12.65,12.5,12.0,12.2,42.12,53.63,0,12.649999999999999,12.525,12.441666666666665,6287
2021-12-09,12.7,12.7,12.65,12.65,12.85,12.95,12.5,12.0,12.2,11.9,39.75,49.0,0,12.675,12.441666666666665,12.325000000000001,6287
2021-12-10,12.6,12.6,12.5,12.5,12.85,12.95,12.0,12.2,11.9,11.9,26.5,41.5,0,12.575,12.325000000000001,12.191666666666665,6287
2021-12-13,12.2,12.2,11.25,12.0,12.2,12.95,12.2,11.9,11.9,11.8,31.95,38.32,0,12.25,12.191666666666665,12.049999999999999,6287
2021-12-14,11.95,12.2,11.75,12.2,12.2,12.95,11.9,11.9,11.8,11.6,39.4,38.68,1,12.1,12.049999999999999,11.899999999999999,6287
2021-12-15,12.0,12.0,11.9,11.9,12.2,12.95,11.9,11.8,11.6,11.9,38.65,38.67,0,12.05,11.899999999999999,11.883333333333333,6287
2021-12-16,11.8,11.9,11.75,11.9,12.2,12.95,11.8,11.6,11.9,11.9,39.31,38.88,1,11.9,11.883333333333333,11.833333333333334,6287
2021-12-17,11.85,11.85,11.8,11.8,12.2,12.95,11.6,11.9,11.9,11.8,38.43,38.73,0,11.850000000000001,11.833333333333334,11.816666666666668,6287
2021-12-20,11.7,11.7,11.5,11.6,11.7,12.95,11.9,11.9,11.8,12.0,33.4,36.95,0,11.7,11.816666666666668,11.833333333333334,6287
2021-12-21,12.0,12.0,11.9,11.9,11.7,12.95,11.9,11.8,12.0,12.1,37.21,37.04,1,11.75,11.833333333333334,11.883333333333333,6287
2021-12-22,11.9,12.0,11.9,11.9,11.7,12.95,11.8,12.0,12.1,12.0,40.86,38.31,0,11.9,11.883333333333333,11.950000000000001,6287
2021-12-23,11.9,11.9,11.8,11.8,11.7,12.95,12.0,12.1,12.0,12.3,46.54,41.05,0,11.850000000000001,11.950000000000001,12.016666666666667,6287
2021-12-24,11.8,12.0,11.55,12.0,11.7,12.95,12.1,12.0,12.3,12.25,54.84,45.65,0,11.9,12.016666666666667,12.075000000000001,6287
2021-12-27,12.0,12.5,12.0,12.1,12.0,12.95,12.0,12.3,12.25,12.25,56.56,49.29,0,12.05,12.075000000000001,12.15,6287
2021-12-28,12.1,12.1,12.0,12.0,12.0,12.95,12.3,12.25,12.25,12.05,54.37,50.98,0,12.05,12.15,12.158333333333333,6287
2021-12-29,12.0,12.65,12.0,12.3,12.0,12.95,12.25,12.25,12.05,12.3,59.44,53.8,0,12.15,12.158333333333333,12.191666666666665,6287
2021-12-30,12.3,12.3,12.2,12.25,12.0,12.95,12.25,12.05,12.3,12.15,61.37,56.32,0,12.275,12.191666666666665,12.216666666666667,6287
2022-01-03,12.25,12.25,12.2,12.25,12.25,12.25,12.05,12.3,12.15,12.2,62.13,58.26,0,12.25,12.216666666666667,12.199999999999998,6287
2022-01-04,12.45,12.5,12.0,12.05,12.25,12.25,12.3,12.15,12.2,12.1,56.57,57.7,0,12.15,12.199999999999998,12.174999999999999,6287
2022-01-05,12.3,12.3,12.1,12.3,12.25,12.25,12.15,12.2,12.1,11.7,60.44,58.61,1,12.175,12.174999999999999,12.083333333333334,6287
2022-01-06,12.0,12.5,12.0,12.15,12.25,12.25,12.2,12.1,11.7,12.0,58.48,58.57,0,12.225000000000001,12.083333333333334,12.075000000000001,6287
2022-01-07,12.15,12.3,12.05,12.2,12.25,12.25,12.1,11.7,12.0,11.6,49.24,55.46,0,12.175,12.075000000000001,11.958333333333334,6287
2022-01-10,12.0,12.2,11.8,12.1,12.0,12.25,11.7,12.0,11.6,11.65,44.59,51.84,0,12.149999999999999,11.958333333333334,11.875,6287
2022-01-11,12.1,12.1,11.6,11.7,12.0,12.25,12.0,11.6,11.65,11.6,32.9,45.53,0,11.899999999999999,11.875,11.774999999999999,6287
2022-01-12,11.7,12.0,11.7,12.0,12.0,12.25,11.6,11.65,11.6,11.4,36.75,42.6,0,11.85,11.774999999999999,11.658333333333333,6287
2022-01-13,11.9,11.9,11.6,11.6,12.0,12.25,11.65,11.6,11.4,11.7,24.5,36.57,0,11.8,11.658333333333333,11.658333333333333,6287
2022-01-14,11.65,11.9,11.6,11.65,12.0,12.25,11.6,11.4,11.7,11.85,18.19,30.44,0,11.625,11.658333333333333,11.633333333333333,6287
2022-01-17,12.0,12.0,11.6,11.6,12.0,12.25,11.4,11.7,11.85,11.6,12.13,24.34,0,11.625,11.633333333333333,11.633333333333333,6287
2022-01-18,11.8,11.8,11.3,11.4,12.0,12.25,11.7,11.85,11.6,11.3,10.86,19.85,0,11.5,11.633333333333333,11.575000000000001,6287
2022-01-19,11.7,11.75,11.7,11.7,12.0,12.25,11.85,11.6,11.3,11.2,20.57,20.09,1,11.55,11.575000000000001,11.508333333333335,6287
2022-01-20,11.9,11.9,11.85,11.85,12.0,12.25,11.6,11.3,11.2,11.35,34.08,24.75,0,11.774999999999999,11.508333333333335,11.5,6287
2022-01-21,11.55,11.6,11.55,11.6,12.0,12.25,11.3,11.2,11.35,11.65,35.22,28.24,0,11.725,11.5,11.491666666666667,6287
2022-01-24,11.65,11.65,11.3,11.3,11.65,12.25,11.2,11.35,11.65,11.45,23.48,26.65,0,11.45,11.491666666666667,11.424999999999999,6287
2022-01-25,11.3,11.4,11.2,11.2,11.65,12.25,11.35,11.65,11.45,11.65,15.65,22.98,0,11.25,11.424999999999999,11.433333333333335,6287
2022-01-26,11.15,11.35,11.15,11.35,11.65,12.25,11.65,11.45,11.65,11.65,18.28,21.41,0,11.274999999999999,11.433333333333335,11.491666666666665,6287
2022-02-07,11.35,11.65,11.35,11.65,11.35,11.35,11.45,11.65,11.65,11.4,31.79,24.87,1,11.5,11.491666666666665,11.525,6287
2022-02-08,11.65,11.65,11.3,11.45,11.35,11.35,11.65,11.65,11.4,11.4,34.53,28.09,0,11.55,11.525,11.533333333333333,6287
2022-02-09,11.55,11.65,11.55,11.65,11.35,11.35,11.65,11.4,11.4,11.25,45.24,33.81,0,11.55,11.533333333333333,11.466666666666667,6287
2022-02-10,11.3,11.65,11.3,11.65,11.35,11.35,11.4,11.4,11.25,11.45,52.38,40.0,0,11.65,11.466666666666667,11.466666666666667,6287
2022-02-11,11.65,11.65,11.4,11.4,11.35,11.35,11.4,11.25,11.45,11.25,51.59,43.86,0,11.525,11.466666666666667,11.4,6287
2022-02-14,11.55,11.55,11.4,11.4,11.55,11.35,11.25,11.45,11.25,11.3,51.06,46.26,0,11.4,11.4,11.341666666666667,6287
2022-02-15,11.45,11.5,11.25,11.25,11.55,11.35,11.45,11.25,11.3,11.4,40.71,44.41,0,11.325,11.341666666666667,11.341666666666667,6287
2022-02-16,11.1,11.5,11.1,11.45,11.55,11.35,11.25,11.3,11.4,10.6,48.35,45.72,1,11.35,11.341666666666667,11.208333333333334,6287
2022-02-17,11.3,11.3,11.25,11.25,11.55,11.35,11.3,11.4,10.6,9.54,41.32,44.25,0,11.35,11.208333333333334,10.923333333333332,6287
2022-02-18,11.3,11.3,11.3,11.3,11.55,11.35,11.4,10.6,9.54,8.59,39.67,42.72,0,11.275,10.923333333333332,10.446666666666667,6287
2022-02-21,11.4,11.4,11.4,11.4,11.4,11.35,10.6,9.54,8.59,7.74,44.63,43.36,1,11.350000000000001,10.446666666666667,9.861666666666668,6287
2022-02-22,11.4,11.4,10.55,10.6,11.4,11.35,9.54,8.59,7.74,8.09,31.27,39.33,0,11.0,9.861666666666668,9.326666666666666,6287
2022-02-23,10.6,10.6,9.54,9.54,11.4,11.35,8.59,7.74,8.09,8.89,20.85,33.17,0,10.07,9.326666666666666,8.908333333333333,6287
2022-02-24,8.59,8.59,8.59,8.59,11.4,11.35,7.74,8.09,8.89,8.3,13.9,26.75,0,9.065,8.908333333333333,8.524999999999999,6287
2022-02-25,8.69,8.7,7.74,7.74,11.4,11.35,8.09,8.89,8.3,8.49,9.27,20.92,0,8.165,8.524999999999999,8.35,6287
2022-03-01,8.2,8.2,7.74,8.09,8.2,8.2,8.89,8.3,8.49,8.21,9.28,17.04,0,7.915,8.35,8.286666666666667,6287
2022-03-02,8.1,8.89,8.1,8.89,8.2,8.2,8.3,8.49,8.21,7.83,16.66,16.91,0,8.49,8.286666666666667,8.301666666666668,6287
2022-03-03,8.64,8.64,8.25,8.3,8.2,8.2,8.49,8.21,7.83,8.15,16.21,16.68,0,8.595,8.301666666666668,8.311666666666666,6287
2022-03-04,8.29,8.59,8.29,8.49,8.2,8.2,8.21,7.83,8.15,8.1,17.64,17.0,1,8.395,8.311666666666666,8.18,6287
2022-03-07,8.22,8.22,8.21,8.21,8.22,8.2,7.83,8.15,8.1,8.1,16.04,16.68,0,8.350000000000001,8.18,8.146666666666667,6287
2022-03-08,8.21,8.21,7.83,7.83,8.22,8.2,8.15,8.1,8.1,8.12,11.74,15.03,0,8.02,8.146666666666667,8.084999999999999,6287
2022-03-09,7.83,8.15,7.83,8.15,8.22,8.2,8.1,8.1,8.12,8.0,19.71,16.59,1,7.99,8.084999999999999,8.049999999999999,6287
2022-03-10,8.14,8.14,8.1,8.1,8.22,8.2,8.1,8.12,8.0,7.88,23.57,18.92,0,8.125,8.049999999999999,8.058333333333334,6287
2022-03-11,8.1,8.2,8.1,8.1,8.22,8.2,8.12,8.0,7.88,7.88,26.15,21.33,0,8.1,8.058333333333334,8.013333333333334,6287
2022-03-14,8.1,8.2,8.1,8.12,8.1,8.2,8.0,7.88,7.88,7.89,26.55,23.07,0,8.11,8.013333333333334,7.978333333333334,6287
2022-03-15,8.12,8.12,8.0,8.0,8.1,8.2,7.88,7.88,7.89,7.95,24.7,23.61,0,8.059999999999999,7.978333333333334,7.953333333333333,6287
2022-03-16,8.0,8.0,7.88,7.88,8.1,8.2,7.88,7.89,7.95,8.19,18.66,21.96,0,7.9399999999999995,7.953333333333333,7.965,6287
2022-03-17,7.88,8.0,7.88,7.88,8.1,8.2,7.89,7.95,8.19,8.25,16.71,20.21,0,7.88,7.965,8.006666666666666,6287
2022-03-18,7.88,7.9,7.88,7.89,8.1,8.2,7.95,8.19,8.25,8.5,16.4,18.94,0,7.885,8.006666666666666,8.11,6287
2022-03-21,7.89,8.0,7.89,7.95,7.89,8.2,8.19,8.25,8.5,8.45,21.74,19.87,1,7.92,8.11,8.205,6287
2022-03-22,7.95,8.2,7.95,8.19,7.89,8.2,8.25,8.5,8.45,8.45,46.79,28.84,0,8.07,8.205,8.298333333333334,6287
2022-03-23,8.21,8.28,8.21,8.25,7.89,8.2,8.5,8.45,8.45,8.64,62.03,39.9,0,8.219999999999999,8.298333333333334,8.413333333333334,6287
2022-03-24,8.26,8.5,8.26,8.5,7.89,8.2,8.45,8.45,8.64,8.9,74.69,51.5,0,8.375,8.413333333333334,8.531666666666666,6287
2022-03-25,8.5,8.7,8.45,8.45,7.89,8.2,8.45,8.64,8.9,8.89,72.96,58.65,0,8.475,8.531666666666666,8.638333333333334,6287
2022-03-28,8.47,8.64,8.45,8.45,8.47,8.2,8.64,8.9,8.89,8.9,71.81,63.04,0,8.45,8.638333333333334,8.705,6287
2022-03-29,8.45,8.65,8.45,8.64,8.47,8.2,8.9,8.89,8.9,8.85,78.77,68.28,0,8.545,8.705,8.771666666666667,6287
2022-03-30,8.64,8.9,8.64,8.9,8.47,8.2,8.89,8.9,8.85,8.6,85.85,74.14,0,8.77,8.771666666666667,8.796666666666667,6287
2022-03-31,8.9,8.95,8.89,8.89,8.47,8.2,8.9,8.85,8.6,8.6,88.68,78.99,0,8.895,8.796666666666667,8.790000000000001,6287
2022-04-01,8.89,8.9,8.88,8.9,8.47,8.89,8.85,8.6,8.6,8.3,90.79,82.92,0,8.895,8.790000000000001,8.69,6287
2022-04-06,8.9,8.9,8.85,8.85,8.9,8.89,8.6,8.6,8.3,8.05,89.36,85.07,0,8.875,8.69,8.549999999999999,6287
2022-04-07,8.85,8.85,8.6,8.6,8.9,8.89,8.6,8.3,8.05,8.1,76.0,82.05,0,8.725,8.549999999999999,8.416666666666666,6287
2022-04-08,8.6,8.65,8.55,8.6,8.9,8.89,8.3,8.05,8.1,8.03,60.67,74.92,0,8.6,8.416666666666666,8.28,6287
2022-04-11,8.56,8.56,8.3,8.3,8.56,8.89,8.05,8.1,8.03,8.09,40.45,63.43,0,8.45,8.28,8.195,6287
2022-04-12,8.3,8.3,8.02,8.05,8.56,8.89,8.1,8.03,8.09,8.1,28.04,51.63,0,8.175,8.195,8.111666666666668,6287
2022-04-13,8.05,8.1,8.05,8.1,8.56,8.89,8.03,8.09,8.1,8.2,21.56,41.61,0,8.075,8.111666666666668,8.094999999999999,6287
2022-04-14,8.1,8.1,8.01,8.03,8.56,8.89,8.09,8.1,8.2,8.31,15.08,32.77,0,8.065,8.094999999999999,8.138333333333334,6287
2022-04-15,8.03,8.09,8.03,8.09,8.56,8.89,8.1,8.2,8.31,8.3,13.05,26.2,0,8.059999999999999,8.138333333333334,8.171666666666667,6287
2022-04-18,8.1,8.1,7.99,8.1,8.1,8.89,8.2,8.31,8.3,8.2,12.73,21.71,0,8.094999999999999,8.171666666666667,8.200000000000001,6287
2022-04-19,8.1,8.81,8.1,8.2,8.1,8.89,8.31,8.3,8.2,7.82,16.63,20.02,0,8.149999999999999,8.200000000000001,8.155,6287
2022-04-20,8.5,8.5,8.31,8.31,8.1,8.89,8.3,8.2,7.82,7.8,24.09,21.38,1,8.254999999999999,8.155,8.104999999999999,6287
2022-04-21,8.31,8.31,8.2,8.3,8.1,8.89,8.2,7.82,7.8,7.74,28.66,23.81,0,8.305,8.104999999999999,8.028333333333332,6287
2022-04-22,8.3,8.3,8.01,8.2,8.1,8.89,7.82,7.8,7.74,7.71,27.64,25.09,0,8.25,8.028333333333332,7.928333333333334,6287
2022-04-25,8.18,8.18,7.82,7.82,8.18,8.89,7.8,7.74,7.71,7.75,18.43,22.87,0,8.01,7.928333333333334,7.836666666666667,6287
2022-04-26,7.82,7.83,7.75,7.8,8.18,8.89,7.74,7.71,7.75,7.6,13.86,19.87,0,7.8100000000000005,7.836666666666667,7.736666666666667,6287
2022-04-27,7.8,7.8,7.71,7.74,8.18,8.89,7.71,7.75,7.6,7.5,10.15,16.63,0,7.77,7.736666666666667,7.683333333333334,6287
2022-04-28,7.74,7.75,7.71,7.71,8.18,8.89,7.75,7.6,7.5,7.5,6.77,13.34,0,7.725,7.683333333333334,7.633333333333333,6287
2022-04-29,7.71,7.75,7.71,7.75,8.18,8.89,7.6,7.5,7.5,7.45,5.73,10.8,0,7.73,7.633333333333333,7.585000000000001,6287
2022-05-03,7.75,7.99,7.31,7.6,7.75,7.75,7.5,7.5,7.45,7.91,11.94,11.18,1,7.675,7.585000000000001,7.618333333333335,6287
2022-05-04,7.6,7.65,7.4,7.5,7.75,7.75,7.5,7.45,7.91,7.89,14.29,12.22,0,7.55,7.618333333333335,7.641666666666667,6287
2022-05-05,7.45,7.5,7.4,7.5,7.75,7.75,7.45,7.91,7.89,7.85,15.92,13.45,0,7.5,7.641666666666667,7.683333333333334,6287
2022-05-06,7.4,7.45,7.32,7.45,7.75,7.75,7.91,7.89,7.85,7.85,15.98,14.29,0,7.475,7.683333333333334,7.741666666666667,6287
2022-05-09,7.5,8.13,7.45,7.91,7.5,7.75,7.89,7.85,7.85,7.8,35.04,21.21,0,7.68,7.741666666666667,7.791666666666667,6287
2022-05-10,7.86,7.89,7.45,7.89,7.5,7.75,7.85,7.85,7.8,7.68,46.94,29.79,0,7.9,7.791666666666667,7.829999999999999,6287
2022-05-11,7.85,7.85,7.5,7.85,7.5,7.75,7.85,7.8,7.68,7.7,53.24,37.61,0,7.869999999999999,7.829999999999999,7.794999999999999,6287
2022-05-12,7.7,7.9,7.6,7.85,7.5,7.75,7.8,7.68,7.7,7.71,57.44,44.22,0,7.85,7.794999999999999,7.765000000000001,6287
2022-05-13,7.8,7.8,7.5,7.8,7.5,7.75,7.68,7.7,7.71,7.71,58.21,48.88,0,7.824999999999999,7.765000000000001,7.741666666666666,6287
2022-05-16,7.7,7.7,7.6,7.68,7.7,7.75,7.7,7.71,7.71,7.7,53.62,50.46,0,7.74,7.741666666666666,7.716666666666668,6287
2022-05-17,7.6,7.7,7.6,7.7,7.7,7.75,7.71,7.71,7.7,7.61,51.38,50.77,0,7.6899999999999995,7.716666666666668,7.685,6287
2022-05-18,7.71,7.71,7.61,7.71,7.7,7.75,7.71,7.7,7.61,7.6,50.3,50.61,0,7.705,7.685,7.671666666666667,6287
2022-05-19,7.71,7.8,7.71,7.71,7.7,7.75,7.7,7.61,7.6,7.6,46.28,49.17,0,7.71,7.671666666666667,7.655,6287
2022-05-20,7.72,7.72,7.61,7.7,7.7,7.75,7.61,7.6,7.6,7.8,49.37,49.24,1,7.705,7.655,7.669999999999999,6287
2022-05-23,7.7,7.79,7.6,7.61,7.7,7.75,7.6,7.6,7.8,7.8,42.08,46.85,0,7.655,7.669999999999999,7.684999999999999,6287
2022-05-24,8.32,8.32,7.5,7.6,7.7,7.75,7.6,7.8,7.8,7.84,32.12,41.94,0,7.605,7.684999999999999,7.708333333333333,6287
2022-05-25,7.6,7.8,7.6,7.6,7.7,7.75,7.8,7.8,7.84,8.15,25.48,36.45,0,7.6,7.708333333333333,7.798333333333333,6287
2022-05-26,7.6,7.8,7.6,7.8,7.7,7.75,7.8,7.84,8.15,8.9,29.18,34.03,0,7.699999999999999,7.798333333333333,8.014999999999999,6287
2022-05-27,7.8,7.99,7.8,7.8,7.7,7.75,7.84,8.15,8.9,8.5,31.65,33.24,0,7.8,8.014999999999999,8.165,6287
2022-05-30,7.8,7.84,7.8,7.84,7.8,7.75,8.15,8.9,8.5,8.95,34.92,33.8,1,7.82,8.165,8.356666666666667,6287
2022-05-31,7.84,8.17,7.84,8.15,7.8,7.75,8.9,8.5,8.95,9.1,49.7,39.1,0,7.995,8.356666666666667,8.573333333333334,6287
2022-06-01,8.2,8.9,8.2,8.9,7.8,8.2,8.5,8.95,9.1,8.96,66.47,48.22,0,8.525,8.573333333333334,8.76,6287
2022-06-02,9.41,9.41,8.5,8.5,7.8,8.2,8.95,9.1,8.96,9.0,61.77,52.74,0,8.7,8.76,8.901666666666666,6287
2022-06-06,8.5,8.96,8.5,8.95,8.5,8.2,9.1,8.96,9.0,8.98,66.49,57.32,0,8.725,8.901666666666666,8.915,6287
2022-06-07,9.25,9.25,9.0,9.1,8.5,8.2,8.96,9.0,8.98,8.69,71.95,62.2,0,9.024999999999999,8.915,8.946666666666665,6287
2022-06-08,9.05,9.05,8.96,8.96,8.5,8.2,9.0,8.98,8.69,8.82,73.01,65.8,0,9.030000000000001,8.946666666666665,8.925,6287
2022-06-09,9.2,9.2,9.0,9.0,8.5,8.2,8.98,8.69,8.82,8.78,73.52,68.37,0,8.98,8.925,8.871666666666668,6287
2022-06-10,9.0,9.0,8.98,8.98,8.5,8.2,8.69,8.82,8.78,8.62,73.44,70.06,0,8.99,8.871666666666668,8.815,6287
2022-06-13,8.98,8.98,8.53,8.69,8.98,8.2,8.82,8.78,8.62,8.36,67.01,69.04,0,8.835,8.815,8.708333333333334,6287
2022-06-14,8.69,8.82,8.51,8.82,8.98,8.2,8.78,8.62,8.36,8.0,61.75,66.61,0,8.754999999999999,8.708333333333334,8.545,6287
2022-06-15,8.82,8.82,8.53,8.78,8.98,8.2,8.62,8.36,8.0,8.25,51.42,61.55,0,8.8,8.545,8.471666666666666,6287
2022-06-16,8.78,8.78,8.5,8.62,8.98,8.2,8.36,8.0,8.25,8.3,39.61,54.24,0,8.7,8.471666666666666,8.385,6287
2022-06-17,8.45,8.45,8.36,8.36,8.98,8.2,8.0,8.25,8.3,8.05,26.41,44.96,0,8.489999999999998,8.385,8.263333333333334,6287
2022-06-20,8.4,8.4,8.0,8.0,8.4,8.2,8.25,8.3,8.05,8.05,17.61,35.84,0,8.18,8.263333333333334,8.168333333333331,6287
2022-06-21,8.01,8.25,8.01,8.25,8.4,8.2,8.3,8.05,8.05,7.83,18.68,30.12,0,8.125,8.168333333333331,8.08,6287
2022-06-22,8.49,8.49,8.29,8.3,8.4,8.2,8.05,8.05,7.83,7.81,22.45,27.56,0,8.275,8.08,8.048333333333334,6287
2022-06-23,8.28,8.28,7.69,8.05,8.4,8.2,8.05,7.83,7.81,7.99,24.27,26.46,0,8.175,8.048333333333334,8.005,6287
2022-06-24,8.05,8.05,8.05,8.05,8.4,8.2,7.83,7.81,7.99,7.8,26.8,26.57,1,8.05,8.005,7.921666666666666,6287
2022-06-27,8.05,8.28,7.83,7.83,8.05,8.2,7.81,7.99,7.8,7.5,22.0,25.05,0,7.94,7.921666666666666,7.829999999999999,6287
2022-06-28,7.8,7.81,7.78,7.81,8.05,8.2,7.99,7.8,7.5,7.41,18.34,22.81,0,7.82,7.829999999999999,7.723333333333334,6287
2022-06-29,7.81,8.15,7.81,7.99,8.05,8.2,7.8,7.5,7.41,7.64,24.73,23.45,1,7.9,7.723333333333334,7.691666666666667,6287
2022-06-30,7.61,7.8,7.61,7.8,8.05,8.2,7.5,7.41,7.64,7.5,23.68,23.53,0,7.895,7.691666666666667,7.64,6287
2022-07-01,7.95,7.95,7.5,7.5,8.05,7.95,7.41,7.64,7.5,7.8,15.79,20.95,0,7.65,7.64,7.608333333333333,6287
2022-07-04,7.51,7.78,7.41,7.41,7.51,7.95,7.64,7.5,7.8,7.8,10.53,17.48,0,7.455,7.608333333333333,7.608333333333333,6287
2022-07-05,7.41,7.65,7.41,7.64,7.51,7.95,7.5,7.8,7.8,7.69,15.83,16.93,0,7.525,7.608333333333333,7.64,6287
2022-07-06,7.64,7.64,7.41,7.5,7.51,7.95,7.8,7.8,7.69,7.43,14.0,15.95,0,7.57,7.64,7.6433333333333335,6287
2022-07-07,7.5,7.85,7.5,7.8,7.51,7.95,7.8,7.69,7.43,7.5,24.28,18.73,1,7.65,7.6433333333333335,7.62,6287
2022-07-08,7.88,7.88,7.8,7.8,7.51,7.95,7.69,7.43,7.5,7.5,33.75,23.74,0,7.8,7.62,7.62,6287
2022-07-11,7.67,7.69,7.67,7.69,7.67,7.95,7.43,7.5,7.5,7.5,35.11,27.53,0,7.745,7.62,7.57,6287
2022-07-12,7.47,7.68,7.43,7.43,7.67,7.95,7.5,7.5,7.5,7.7,24.64,26.57,0,7.5600000000000005,7.57,7.553333333333335,6287
2022-07-13,7.48,7.5,7.45,7.5,7.67,7.95,7.5,7.5,7.7,7.85,21.98,25.04,0,7.465,7.553333333333335,7.580000000000001,6287
2022-07-14,7.5,7.75,7.5,7.5,7.67,7.95,7.5,7.7,7.85,7.51,21.04,23.71,0,7.5,7.580000000000001,7.593333333333333,6287
2022-07-15,7.5,7.5,7.5,7.5,7.67,7.95,7.7,7.85,7.51,7.6,20.41,22.61,0,7.5,7.593333333333333,7.609999999999999,6287
2022-07-18,7.51,7.7,7.5,7.7,7.51,7.95,7.85,7.51,7.6,7.62,34.17,26.46,1,7.6,7.609999999999999,7.629999999999999,6287
2022-07-19,7.4,7.89,7.4,7.85,7.51,7.95,7.51,7.6,7.62,7.55,53.39,35.44,0,7.775,7.629999999999999,7.638333333333333,6287
2022-07-20,7.85,7.85,7.5,7.51,7.51,7.95,7.6,7.62,7.55,7.55,43.08,37.99,0,7.68,7.638333333333333,7.613333333333333,6287
2022-07-21,7.4,7.6,7.4,7.6,7.51,7.95,7.62,7.55,7.55,7.5,42.33,39.44,0,7.555,7.613333333333333,7.555,6287
2022-07-22,7.65,7.65,7.62,7.62,7.51,7.95,7.55,7.55,7.5,7.49,43.19,40.69,0,7.609999999999999,7.555,7.551666666666667,6287
2022-07-25,7.62,7.62,7.55,7.55,7.62,7.95,7.55,7.5,7.49,7.49,39.0,40.13,0,7.585,7.551666666666667,7.533333333333334,6287
2022-07-26,7.62,7.62,7.55,7.55,7.62,7.95,7.5,7.49,7.49,7.52,36.2,38.82,0,7.55,7.533333333333334,7.516666666666668,6287
2022-07-27,7.45,7.5,7.45,7.5,7.62,7.95,7.49,7.49,7.52,7.2,30.94,36.19,0,7.525,7.516666666666668,7.458333333333333,6287
2022-07-28,7.55,7.55,7.49,7.49,7.62,7.95,7.49,7.52,7.2,7.1,26.75,33.04,0,7.495,7.458333333333333,7.383333333333334,6287
2022-07-29,7.5,7.5,7.49,7.49,7.62,7.95,7.52,7.2,7.1,7.3,23.96,30.01,0,7.49,7.383333333333334,7.349999999999999,6287
2022-08-01,7.52,7.52,7.52,7.52,7.52,7.52,7.2,7.1,7.3,7.3,24.86,28.29,0,7.505,7.349999999999999,7.3183333333333325,6287
2022-08-02,7.1,7.49,7.1,7.2,7.52,7.52,7.1,7.3,7.3,7.28,22.63,26.4,0,7.359999999999999,7.3183333333333325,7.283333333333334,6287
2022-08-03,7.2,7.2,7.1,7.1,7.52,7.52,7.3,7.3,7.28,7.29,15.09,22.63,0,7.15,7.283333333333334,7.245,6287
2022-08-04,7.3,7.3,7.3,7.3,7.52,7.52,7.3,7.28,7.29,7.25,22.88,22.71,1,7.199999999999999,7.245,7.253333333333334,6287
2022-08-05,7.3,7.3,7.3,7.3,7.52,7.52,7.28,7.29,7.25,7.34,28.07,24.5,0,7.3,7.253333333333334,7.293333333333334,6287
2022-08-08,7.16,7.28,7.16,7.28,7.16,7.52,7.29,7.25,7.34,7.38,32.05,27.02,0,7.29,7.293333333333334,7.3066666666666675,6287
2022-08-09,7.2,7.3,7.2,7.29,7.16,7.52,7.25,7.34,7.38,7.39,35.44,29.83,0,7.285,7.3066666666666675,7.321666666666666,6287
2022-08-10,7.34,7.35,7.25,7.25,7.16,7.52,7.34,7.38,7.39,7.4,35.53,31.73,0,7.27,7.321666666666666,7.341666666666666,6287
2022-08-11,7.39,7.39,7.3,7.34,7.16,7.52,7.38,7.39,7.4,7.39,42.73,35.4,0,7.295,7.341666666666666,7.358333333333333,6287
2022-08-12,7.38,7.38,7.38,7.38,7.16,7.52,7.39,7.4,7.39,7.45,52.42,41.07,0,7.359999999999999,7.358333333333333,7.391666666666667,6287
2022-08-15,7.38,7.42,7.2,7.39,7.38,7.52,7.4,7.39,7.45,7.6,65.15,49.1,0,7.385,7.391666666666667,7.435000000000001,6287
2022-08-16,7.39,7.42,7.39,7.4,7.38,7.52,7.39,7.45,7.6,8.36,74.2,57.47,0,7.395,7.435000000000001,7.598333333333333,6287
2022-08-17,7.42,7.42,7.21,7.39,7.38,7.52,7.45,7.6,8.36,9.19,78.95,64.63,0,7.395,7.598333333333333,7.8983333333333325,6287
2022-08-18,7.39,7.45,7.39,7.45,7.38,7.52,7.6,8.36,9.19,9.35,85.97,71.74,0,7.42,7.8983333333333325,8.223333333333333,6287
2022-08-19,7.5,7.8,7.5,7.6,7.38,7.52,8.36,9.19,9.35,9.15,79.54,74.34,0,7.525,8.223333333333333,8.516666666666667,6287
2022-08-22,7.6,8.36,7.6,8.36,7.6,7.52,9.19,9.35,9.15,8.7,86.36,78.35,0,7.9799999999999995,8.516666666666667,8.725,6287
2022-08-23,8.66,9.19,8.66,9.19,7.6,7.52,9.35,9.15,8.7,8.5,90.91,82.54,0,8.774999999999999,8.725,8.875,6287
2022-08-24,9.35,10.05,9.35,9.35,7.6,7.52,9.15,8.7,8.5,8.45,85.75,83.61,0,9.27,8.875,8.89,6287
2022-08-25,8.42,9.25,8.42,9.15,7.6,7.52,8.7,8.5,8.45,8.45,79.97,82.4,0,9.25,8.89,8.766666666666667,6287
2022-08-26,9.15,9.15,8.7,8.7,7.6,7.52,8.5,8.45,8.45,8.51,70.8,78.53,0,8.925,8.766666666666667,8.626666666666667,6287
2022-08-29,8.21,8.5,7.83,8.5,8.21,7.52,8.45,8.45,8.51,8.59,62.34,73.13,0,8.6,8.626666666666667,8.533333333333331,6287
2022-08-30,8.1,8.47,8.1,8.45,8.21,7.52,8.45,8.51,8.59,8.49,54.84,67.03,0,8.475,8.533333333333331,8.498333333333333,6287
2022-08-31,8.45,8.84,8.45,8.45,8.21,7.52,8.51,8.59,8.49,8.05,48.98,61.01,0,8.45,8.498333333333333,8.423333333333334,6287
2022-09-01,8.45,8.73,8.45,8.51,8.21,8.45,8.59,8.49,8.05,7.85,45.03,55.68,0,8.48,8.423333333333334,8.323333333333334,6287
2022-09-02,8.8,8.8,8.56,8.59,8.21,8.45,8.49,8.05,7.85,8.1,41.43,50.93,0,8.55,8.323333333333334,8.265,6287
2022-09-05,8.59,8.59,8.3,8.49,8.59,8.45,8.05,7.85,8.1,8.15,37.53,46.46,0,8.54,8.265,8.205,6287
2022-09-06,8.5,8.5,8.03,8.05,8.59,8.45,7.85,8.1,8.15,8.04,30.18,41.03,0,8.27,8.205,8.113333333333333,6287
2022-09-07,8.01,8.01,7.85,7.85,8.59,8.45,8.1,8.15,8.04,8.05,20.63,34.23,0,7.95,8.113333333333333,8.04,6287
2022-09-08,7.86,8.2,7.86,8.1,8.59,8.45,8.15,8.04,8.05,8.04,22.66,30.37,0,7.975,8.04,8.038333333333332,6287
2022-09-12,8.18,8.18,8.1,8.15,8.18,8.45,8.04,8.05,8.04,7.97,25.21,28.65,0,8.125,8.038333333333332,8.058333333333334,6287
2022-09-13,8.02,8.07,8.02,8.04,8.18,8.45,8.05,8.04,7.97,7.91,23.2,26.83,0,8.094999999999999,8.058333333333334,8.026666666666666,6287
2022-09-14,7.9,8.15,7.9,8.05,8.18,8.45,8.04,7.97,7.91,7.94,22.48,25.38,0,8.045,8.026666666666666,7.991666666666667,6287
2022-09-15,8.08,8.08,8.03,8.04,8.18,8.45,7.97,7.91,7.94,8.06,21.65,24.14,0,8.045,7.991666666666667,7.995,6287
2022-09-16,8.0,8.0,7.97,7.97,8.18,8.45,7.91,7.94,8.06,32.25,19.84,22.71,0,8.004999999999999,7.995,12.028333333333334,6287
2022-09-19,7.87,7.93,7.87,7.91,7.87,8.45,7.94,8.06,32.25,29.05,16.3,20.57,0,7.9399999999999995,12.028333333333334,15.53,6287
2022-09-20,7.8,8.0,7.8,7.94,7.87,8.45,8.06,32.25,29.05,26.2,22.53,21.22,1,7.925000000000001,15.53,18.568333333333335,6287
2022-09-21,8.0,8.06,8.0,8.06,7.87,8.45,32.25,29.05,26.2,23.6,36.69,26.38,0,8.0,18.568333333333335,21.183333333333334,6287
2022-10-03,29.05,33.1,29.05,32.25,29.05,29.05,29.05,26.2,23.6,24.55,56.67,36.48,0,20.155,21.183333333333334,23.951666666666668,6287
2022-10-04,29.6,29.6,29.05,29.05,29.05,29.05,26.2,23.6,24.55,23.0,65.78,46.25,0,30.65,23.951666666666668,26.441666666666666,6287
2022-10-05,29.4,29.4,26.2,26.2,29.05,29.05,23.6,24.55,23.0,23.0,68.1,53.53,0,27.625,26.441666666666666,24.899999999999995,6287
2022-10-06,25.55,25.55,23.6,23.6,29.05,29.05,24.55,23.0,23.0,20.7,66.22,57.76,0,24.9,24.899999999999995,23.50833333333333,6287
2022-10-07,22.6,25.2,22.6,24.55,29.05,29.05,23.0,23.0,20.7,20.8,66.22,60.58,0,24.075000000000003,23.50833333333333,22.608333333333334,6287
2022-10-11,23.65,23.65,23.0,23.0,23.65,29.05,23.0,20.7,20.8,19.15,64.17,61.78,0,23.775,22.608333333333334,21.866666666666664,6287
2022-10-12,23.0,23.0,23.0,23.0,23.65,29.05,20.7,20.8,19.15,19.35,62.81,62.12,0,23.0,21.866666666666664,21.0,6287
2022-10-13,23.0,23.0,20.7,20.7,23.65,29.05,20.8,19.15,19.35,19.8,58.74,60.99,0,21.85,21.0,20.466666666666665,6287
2022-10-14,20.8,20.8,20.8,20.8,23.65,29.05,19.15,19.35,19.8,19.5,39.43,53.8,0,20.75,20.466666666666665,19.883333333333333,6287
2022-10-17,20.0,20.0,18.8,19.15,20.0,29.05,19.35,19.8,19.5,20.3,27.37,44.99,0,19.975,19.883333333333333,19.816666666666666,6287
2022-10-18,19.5,19.5,19.3,19.35,20.0,29.05,19.8,19.5,20.3,22.3,19.98,36.65,0,19.25,19.816666666666666,20.066666666666666,6287
2022-10-19,19.6,19.8,19.6,19.8,20.0,29.05,19.5,20.3,22.3,24.4,18.26,30.52,0,19.575000000000003,20.066666666666666,20.941666666666666,6287
2022-10-20,19.5,19.5,19.4,19.5,20.0,29.05,20.3,22.3,24.4,25.75,15.82,25.62,0,19.65,20.941666666666666,22.00833333333333,6287
2022-10-21,20.15,20.3,20.15,20.3,20.0,29.05,22.3,24.4,25.75,25.3,20.86,24.03,0,19.9,22.00833333333333,22.925,6287
2022-10-24,21.4,22.3,21.4,22.3,21.4,29.05,24.4,25.75,25.3,23.0,41.68,29.91,1,21.3,22.925,23.508333333333336,6287
2022-10-25,23.95,24.5,22.6,24.4,21.4,29.05,25.75,25.3,23.0,23.6,60.54,40.12,0,23.35,23.508333333333336,24.058333333333334,6287
2022-10-26,24.8,26.5,24.8,25.75,21.4,29.05,25.3,23.0,23.6,24.2,70.45,50.23,0,25.075,24.058333333333334,24.375,6287
2022-10-27,26.9,27.0,25.3,25.3,21.4,29.05,23.0,23.6,24.2,24.4,73.39,57.95,0,25.525,24.375,24.375,6287
2022-10-28,26.4,26.4,22.9,23.0,21.4,29.05,23.6,24.2,24.4,26.8,64.94,60.28,0,24.15,24.375,24.55,6287
2022-10-31,22.95,23.6,22.95,23.6,22.95,29.05,24.2,24.4,26.8,27.85,61.71,60.76,0,23.3,24.55,24.974999999999998,6287
2022-11-01,24.5,24.5,24.2,24.2,22.95,24.5,24.4,26.8,27.85,27.75,62.19,61.24,0,23.9,24.974999999999998,25.766666666666666,6287
2022-11-02,23.75,24.4,23.7,24.4,22.95,24.5,26.8,27.85,27.75,26.55,62.14,61.54,0,24.299999999999997,25.766666666666666,26.258333333333336,6287
2022-11-03,26.8,26.8,26.8,26.8,22.95,24.5,27.85,27.75,26.55,26.4,73.57,65.55,0,25.6,26.258333333333336,26.625000000000004,6287
2022-11-04,28.45,28.45,27.5,27.85,22.95,24.5,27.75,26.55,26.4,26.4,78.96,70.02,0,27.325000000000003,26.625000000000004,26.958333333333332,6287
2022-11-07,26.4,27.75,25.15,27.75,26.4,24.5,26.55,26.4,26.4,24.5,81.77,73.94,0,27.8,26.958333333333332,26.575000000000003,6287
2022-11-08,27.5,27.5,26.55,26.55,26.4,24.5,26.4,26.4,24.5,24.0,76.44,74.77,0,27.15,26.575000000000003,25.933333333333334,6287
2022-11-09,25.5,26.4,25.5,26.4,26.4,24.5,26.4,24.5,24.0,24.85,71.98,73.84,0,26.475,25.933333333333334,25.45,6287
2022-11-10,26.4,26.4,26.4,26.4,26.4,24.5,24.5,24.0,24.85,25.5,68.9,72.19,0,26.4,25.45,25.275000000000002,6287
2022-11-11,25.2,25.2,24.4,24.5,26.4,24.5,24.0,24.85,25.5,25.5,51.55,65.31,0,25.45,25.275000000000002,25.125,6287
2022-11-14,23.65,24.0,23.65,24.0,23.65,24.5,24.85,25.5,25.5,24.8,36.8,55.81,0,24.25,25.125,24.858333333333334,6287
2022-11-15,24.85,24.85,24.85,24.85,23.65,24.5,25.5,25.5,24.8,25.0,32.87,48.16,0,24.425,24.858333333333334,24.941666666666663,6287
2022-11-16,24.95,25.5,24.95,25.5,23.65,24.5,25.5,24.8,25.0,24.25,34.76,43.69,0,25.175,24.941666666666663,24.98333333333333,6287
2022-11-17,25.5,25.55,25.5,25.5,23.65,24.5,24.8,25.0,24.25,24.25,38.21,41.86,0,25.5,24.98333333333333,24.883333333333336,6287
2022-11-18,24.65,24.85,24.65,24.8,23.65,24.5,25.0,24.25,24.25,24.2,35.43,39.72,0,25.15,24.883333333333336,24.666666666666668,6287
2022-11-21,25.0,25.0,24.9,25.0,25.0,24.5,24.25,24.25,24.2,23.85,39.98,39.81,1,24.9,24.666666666666668,24.391666666666666,6287
2022-11-22,24.3,24.3,24.25,24.25,25.0,24.5,24.25,24.2,23.85,24.0,33.93,37.85,0,24.625,24.391666666666666,24.258333333333336,6287
2022-11-23,24.25,24.25,24.25,24.25,25.0,24.5,24.2,23.85,24.0,24.0,33.15,36.28,0,24.25,24.258333333333336,24.09166666666667,6287
2022-11-24,24.2,24.2,23.6,24.2,25.0,24.5,23.85,24.0,24.0,24.85,32.36,34.97,0,24.225,24.09166666666667,24.191666666666666,6287
2022-11-25,23.65,23.85,23.65,23.85,25.0,24.5,24.0,24.0,24.85,25.2,25.85,31.93,0,24.025,24.191666666666666,24.349999999999998,6287
2022-11-28,23.9,24.0,23.9,24.0,23.9,24.5,24.0,24.85,25.2,27.45,24.07,29.31,0,23.925,24.349999999999998,24.891666666666666,6287
2022-11-29,24.0,24.0,24.0,24.0,23.9,24.5,24.85,25.2,27.45,27.45,22.88,27.17,0,24.0,24.891666666666666,25.491666666666664,6287
2022-11-30,23.8,24.85,23.8,24.85,23.9,24.5,25.2,27.45,27.45,26.2,45.02,33.12,1,24.425,25.491666666666664,25.85833333333333,6287
2022-12-01,24.35,25.2,24.3,25.2,23.9,24.35,27.45,27.45,26.2,24.85,63.35,43.2,0,25.025,25.85833333333333,26.0,6287
2022-12-02,25.3,27.5,25.2,27.45,23.9,24.35,27.45,26.2,24.85,24.85,75.14,53.85,0,26.325,26.0,26.0,6287
2022-12-05,26.5,27.45,26.5,27.45,26.5,24.35,26.2,24.85,24.85,23.65,83.0,63.57,0,27.45,26.0,25.741666666666664,6287
2022-12-06,26.25,26.25,26.2,26.2,26.5,24.35,24.85,24.85,23.65,24.2,77.56,68.23,0,26.825,25.741666666666664,25.2,6287
2022-12-07,25.4,25.4,24.85,24.85,26.5,24.35,24.85,23.65,24.2,24.2,62.1,66.19,0,25.525,25.2,24.658333333333335,6287
2022-12-08,24.85,24.85,24.85,24.85,26.5,24.35,23.65,24.2,24.2,25.8,50.86,61.08,0,24.85,24.658333333333335,24.59166666666667,6287
2022-12-09,24.95,24.95,23.65,23.65,26.5,24.35,24.2,24.2,25.8,25.25,33.91,52.02,0,24.25,24.59166666666667,24.65833333333333,6287
2022-12-12,23.2,24.2,23.2,24.2,23.2,24.35,24.2,25.8,25.25,25.3,30.36,44.8,0,23.924999999999997,24.65833333333333,24.733333333333334,6287
2022-12-13,24.2,24.2,24.2,24.2,23.2,24.35,25.8,25.25,25.3,25.3,27.99,39.2,0,24.2,24.733333333333334,25.008333333333336,6287
2022-12-14,24.8,25.8,24.8,25.8,23.2,24.35,25.25,25.3,25.3,24.05,38.82,39.07,0,25.0,25.008333333333336,24.983333333333334,6287
2022-12-15,25.3,25.3,25.25,25.25,23.2,24.35,25.3,25.3,24.05,24.05,41.96,40.03,1,25.525,24.983333333333334,24.958333333333332,6287
2022-12-16,25.3,25.3,25.3,25.3,23.2,24.35,25.3,24.05,24.05,24.05,50.92,43.66,0,25.275,24.958333333333332,24.666666666666668,6287
2022-12-19,25.3,25.3,25.3,25.3,25.3,24.35,24.05,24.05,24.05,23.75,60.87,49.4,0,25.3,24.666666666666668,24.416666666666668,6287
2022-12-20,24.55,24.55,24.05,24.05,25.3,24.35,24.05,24.05,23.75,23.75,51.48,50.09,0,24.675,24.416666666666668,24.15833333333333,6287
2022-12-21,24.05,24.05,24.05,24.05,25.3,24.35,24.05,23.75,23.75,23.85,45.22,48.47,0,24.05,24.15833333333333,23.916666666666668,6287
2022-12-22,24.05,24.05,24.05,24.05,25.3,24.35,23.75,23.75,23.85,23.85,41.04,45.99,0,24.05,23.916666666666668,23.88333333333333,6287
2022-12-23,23.5,23.75,23.5,23.75,25.3,24.35,23.75,23.85,23.85,23.7,30.98,40.99,0,23.9,23.88333333333333,23.825,6287
2022-12-26,23.75,23.75,23.75,23.75,23.75,24.35,23.85,23.85,23.7,23.05,24.28,35.42,0,23.75,23.825,23.65833333333333,6287
2022-12-27,24.0,24.0,23.85,23.85,23.75,24.35,23.85,23.7,23.05,23.05,22.67,31.17,0,23.8,23.65833333333333,23.541666666666668,6287
2022-12-28,23.85,23.85,23.85,23.85,23.75,24.35,23.7,23.05,23.05,24.65,21.59,27.98,0,23.85,23.541666666666668,23.691666666666666,6287
2022-12-29,23.7,23.7,23.7,23.7,23.75,24.35,23.05,23.05,24.65,24.65,18.1,24.69,0,23.775,23.691666666666666,23.825,6287
2022-12-30,23.05,23.05,23.05,23.05,23.75,24.35,23.05,24.65,24.65,24.0,12.07,20.48,0,23.375,23.825,23.849999999999998,6287
2023-01-03,23.05,23.05,23.05,23.05,23.05,23.05,24.65,24.65,24.0,23.4,8.05,16.34,0,23.05,23.849999999999998,23.8,6287
2023-01-04,23.05,24.7,23.05,24.65,23.05,23.05,24.65,24.0,23.4,23.3,37.69,23.46,1,23.85,23.8,23.84166666666667,6287
2023-01-05,24.65,24.65,24.65,24.65,23.05,23.05,24.0,23.4,23.3,23.25,57.45,34.79,0,24.65,23.84166666666667,23.875,6287
2023-01-06,24.0,24.0,24.0,24.0,23.05,23.05,23.4,23.3,23.25,23.35,57.49,42.36,0,24.325,23.875,23.65833333333333,6287
2023-01-09,23.9,24.0,23.4,23.4,23.9,23.05,23.3,23.25,23.35,22.6,45.4,43.37,0,23.7,23.65833333333333,23.316666666666666,6287
2023-01-10,23.4,23.4,22.6,23.3,23.9,23.05,23.25,23.35,22.6,23.15,41.38,42.71,0,23.35,23.316666666666666,23.175,6287
2023-01-11,23.25,23.3,23.25,23.25,23.9,23.05,23.35,22.6,23.15,23.15,37.9,41.11,0,23.275,23.175,23.133333333333336,6287
2023-01-12,23.25,23.35,23.25,23.35,23.9,23.05,22.6,23.15,23.15,23.8,37.17,39.8,0,23.3,23.133333333333336,23.21666666666667,6287
2023-01-13,23.35,23.4,22.6,22.6,23.9,23.05,23.15,23.15,23.8,23.8,24.78,34.79,0,22.975,23.21666666666667,23.308333333333334,6287
2023-01-16,22.8,23.2,22.8,23.15,22.8,23.05,23.15,23.8,23.8,23.8,25.25,31.61,0,22.875,23.308333333333334,23.383333333333336,6287
2023-01-17,23.15,23.15,23.15,23.15,22.8,23.05,23.8,23.8,23.8,24.0,25.78,29.67,0,23.15,23.383333333333336,23.616666666666664,6287
2023-01-30,23.1,23.8,23.1,23.8,23.1,23.05,23.8,23.8,24.0,23.1,45.76,35.03,1,23.475,23.616666666666664,23.608333333333334,6287
2023-01-31,23.8,23.8,23.8,23.8,23.1,23.05,23.8,24.0,23.1,23.1,59.08,43.05,0,23.8,23.608333333333334,23.599999999999998,6287
2023-02-01,23.8,23.8,23.8,23.8,23.1,23.8,24.0,23.1,23.1,23.1,72.72,52.94,0,23.8,23.599999999999998,23.48333333333333,6287
2023-02-02,23.8,24.0,23.8,24.0,23.1,23.8,23.1,23.1,23.1,23.1,81.81,62.56,0,23.9,23.48333333333333,23.366666666666664,6287
2023-02-03,23.3,23.35,22.7,23.1,23.1,23.8,23.1,23.1,23.1,23.05,66.44,63.85,0,23.55,23.366666666666664,23.24166666666667,6287
2023-02-06,23.0,23.1,23.0,23.1,23.0,23.8,23.1,23.1,23.05,23.05,56.2,61.3,0,23.1,23.24166666666667,23.083333333333332,6287
2023-02-07,23.1,23.1,23.1,23.1,23.0,23.8,23.1,23.05,23.05,23.05,47.72,56.77,0,23.1,23.083333333333332,23.075000000000003,6287
2023-02-08,23.1,23.1,23.1,23.1,23.0,23.8,23.05,23.05,23.05,23.0,42.07,51.87,0,23.1,23.075000000000003,23.058333333333334,6287
2023-02-09,23.0,23.1,23.0,23.05,23.0,23.8,23.05,23.05,23.0,23.2,37.02,46.92,0,23.075000000000003,23.058333333333334,23.075,6287
2023-02-10,23.05,23.05,23.05,23.05,23.0,23.8,23.05,23.0,23.2,23.0,33.65,42.5,0,23.05,23.075,23.058333333333337,6287
2023-02-13,23.05,23.05,23.05,23.05,23.05,23.8,23.0,23.2,23.0,25.3,31.41,38.8,0,23.05,23.058333333333337,23.433333333333334,6287
2023-02-14,23.0,23.0,23.0,23.0,23.05,23.8,23.2,23.0,25.3,24.3,28.63,35.41,0,23.025,23.433333333333334,23.641666666666666,6287
2023-02-15,23.2,23.2,23.2,23.2,23.05,23.8,23.0,25.3,24.3,24.25,44.73,38.52,1,23.1,23.641666666666666,23.84166666666667,6287
2023-02-16,22.85,23.15,22.85,23.0,23.05,23.8,25.3,24.3,24.25,23.7,44.11,40.38,0,23.1,23.84166666666667,23.958333333333332,6287
2023-02-17,25.3,25.3,25.3,25.3,23.05,23.8,24.3,24.25,23.7,23.75,62.74,47.83,0,24.15,23.958333333333332,24.05,6287
2023-02-20,24.3,24.8,23.75,24.3,24.3,23.8,24.25,23.7,23.75,23.5,61.55,52.4,0,24.8,24.05,24.133333333333336,6287
2023-02-21,24.8,24.8,23.7,24.25,24.3,23.8,23.7,23.75,23.5,23.5,60.08,54.96,0,24.275,24.133333333333336,23.833333333333332,6287
2023-02-22,24.1,24.2,23.7,23.7,24.3,23.8,23.75,23.5,23.5,23.3,51.62,53.85,0,23.975,23.833333333333332,23.666666666666668,6287
2023-02-23,23.5,23.75,23.45,23.75,24.3,23.8,23.5,23.5,23.3,23.35,46.66,51.45,0,23.725,23.666666666666668,23.516666666666666,6287
2023-02-24,24.0,24.0,23.5,23.5,24.3,23.8,23.5,23.3,23.35,24.25,39.95,47.62,0,23.625,23.516666666666666,23.608333333333334,6287
2023-03-01,23.3,23.5,23.3,23.5,23.3,23.3,23.3,23.35,24.25,24.2,35.48,43.57,0,23.5,23.608333333333334,23.683333333333334,6287
2023-03-02,23.5,23.5,23.3,23.3,23.3,23.3,23.35,24.25,24.2,23.65,29.78,38.97,0,23.4,23.683333333333334,23.708333333333332,6287
2023-03-03,23.35,23.5,23.35,23.35,23.3,23.3,24.25,24.2,23.65,23.5,20.69,32.88,0,23.325000000000003,23.708333333333332,23.708333333333332,6287
2023-03-06,23.5,24.25,23.45,24.25,23.5,23.3,24.2,23.65,23.5,23.5,34.9,33.55,1,23.8,23.708333333333332,23.741666666666664,6287
2023-03-07,24.25,24.25,24.2,24.2,23.5,23.3,23.65,23.5,23.5,23.45,43.27,36.79,0,24.225,23.741666666666664,23.75833333333333,6287
2023-03-08,23.3,23.75,23.3,23.65,23.5,23.3,23.5,23.5,23.45,23.3,41.13,38.24,0,23.924999999999997,23.75833333333333,23.599999999999998,6287
2023-03-09,23.65,23.7,23.25,23.5,23.5,23.3,23.5,23.45,23.3,23.25,35.75,37.41,0,23.575,23.599999999999998,23.441666666666666,6287
2023-03-10,23.5,23.5,23.5,23.5,23.5,23.3,23.45,23.3,23.25,23.9,32.17,35.66,0,23.5,23.441666666666666,23.483333333333334,6287
2023-03-13,22.9,23.45,22.9,23.45,22.9,23.3,23.3,23.25,23.9,23.9,35.03,35.45,0,23.475,23.483333333333334,23.55,6287
2023-03-14,22.8,23.3,22.75,23.3,22.9,23.3,23.25,23.9,23.9,23.6,35.58,35.49,1,23.375,23.55,23.566666666666666,6287
2023-03-15,23.25,23.25,23.25,23.25,22.9,23.3,23.9,23.9,23.6,23.55,34.83,35.27,0,23.275,23.566666666666666,23.583333333333332,6287
2023-03-16,24.35,24.35,22.8,23.9,22.9,23.3,23.9,23.6,23.55,23.3,47.18,39.24,1,23.575,23.583333333333332,23.583333333333332,6287
2023-03-17,25.05,25.05,23.9,23.9,22.9,23.3,23.6,23.55,23.3,23.85,48.12,42.2,0,23.9,23.583333333333332,23.683333333333334,6287
2023-03-20,23.8,23.85,23.6,23.6,23.8,23.3,23.55,23.3,23.85,23.85,44.4,42.93,0,23.75,23.683333333333334,23.674999999999997,6287
2023-03-21,23.55,23.6,23.2,23.55,23.8,23.3,23.3,23.85,23.85,23.3,41.19,42.35,0,23.575000000000003,23.674999999999997,23.575000000000003,6287
2023-03-22,23.3,23.3,23.3,23.3,23.8,23.3,23.85,23.85,23.3,23.8,35.43,40.04,0,23.425,23.575000000000003,23.608333333333334,6287
2023-03-23,23.6,23.95,23.25,23.85,23.8,23.3,23.85,23.3,23.8,23.8,39.56,39.88,0,23.575000000000003,23.608333333333334,23.650000000000002,6287
2023-03-24,23.85,23.85,23.85,23.85,23.8,23.3,23.3,23.8,23.8,23.5,42.32,40.69,1,23.85,23.650000000000002,23.683333333333334,6287
2023-03-27,23.85,23.95,23.3,23.3,23.85,23.3,23.8,23.8,23.5,23.6,35.62,39.0,0,23.575000000000003,23.683333333333334,23.641666666666666,6287
2023-03-28,23.8,23.8,23.8,23.8,23.85,23.3,23.8,23.5,23.6,23.85,38.56,38.85,0,23.55,23.641666666666666,23.641666666666666,6287
2023-03-29,24.0,24.0,23.25,23.8,23.85,23.3,23.5,23.6,23.85,24.0,36.52,38.07,0,23.8,23.641666666666666,23.75833333333333,6287
2023-03-30,22.9,23.5,22.9,23.5,23.85,23.3,23.6,23.85,24.0,24.2,42.53,39.56,1,23.65,23.75833333333333,23.825,6287
2023-03-31,23.55,23.6,23.55,23.6,23.85,23.3,23.85,24.0,24.2,23.85,49.57,42.9,0,23.55,23.825,23.833333333333332,6287
2023-04-06,23.5,24.8,23.5,23.85,23.5,23.5,24.0,24.2,23.85,23.5,49.71,45.17,0,23.725,23.833333333333332,23.833333333333332,6287
2023-04-07,24.0,24.3,23.85,24.0,23.5,23.5,24.2,23.85,23.5,23.8,52.44,47.59,0,23.925,23.833333333333332,23.86666666666667,6287
2023-04-10,24.25,24.25,24.2,24.2,24.25,23.5,23.85,23.5,23.8,23.7,57.77,50.98,0,24.1,23.86666666666667,23.84166666666667,6287
2023-04-11,23.8,23.85,23.6,23.85,24.25,23.5,23.5,23.8,23.7,23.95,55.18,52.38,0,24.025,23.84166666666667,23.833333333333332,6287
2023-04-12,23.8,23.8,23.5,23.5,24.25,23.5,23.8,23.7,23.95,23.55,47.31,50.69,0,23.675,23.833333333333332,23.725000000000005,6287
2023-04-13,23.95,25.6,23.5,23.8,24.25,23.5,23.7,23.95,23.55,23.9,42.65,48.01,0,23.65,23.725000000000005,23.733333333333334,6287
2023-04-14,23.8,23.8,23.7,23.7,24.25,23.5,23.95,23.55,23.9,23.9,38.31,44.78,0,23.75,23.733333333333334,23.8,6287
2023-04-17,23.7,23.95,23.05,23.95,23.7,23.5,23.55,23.9,23.9,23.6,37.3,42.29,0,23.825,23.8,23.766666666666666,6287
2023-04-18,23.95,23.95,23.55,23.55,23.7,23.5,23.9,23.9,23.6,23.6,31.4,38.66,0,23.75,23.766666666666666,23.75,6287
2023-04-19,23.8,23.9,23.8,23.9,23.7,23.5,23.9,23.6,23.6,22.0,32.04,36.45,0,23.725,23.75,23.424999999999997,6287
2023-04-20,23.35,23.9,23.2,23.9,23.7,23.5,23.6,23.6,22.0,22.45,32.47,35.12,0,23.9,23.424999999999997,23.241666666666664,6287
2023-04-21,23.2,23.6,23.0,23.6,23.7,23.5,23.6,22.0,22.45,22.45,29.34,33.19,0,23.75,23.241666666666664,23.0,6287
2023-04-24,23.6,23.6,23.6,23.6,23.6,23.5,22.0,22.45,22.45,23.0,27.25,31.21,0,23.6,23.0,22.850000000000005,6287
2023-04-25,23.0,23.0,22.0,22.0,23.6,23.5,22.45,22.45,23.0,22.05,18.17,26.86,0,22.8,22.850000000000005,22.59166666666667,6287
2023-04-26,22.45,22.45,22.45,22.45,23.6,23.5,22.45,23.0,22.05,22.45,19.81,24.51,0,22.225,22.59166666666667,22.400000000000002,6287
2023-04-27,22.45,22.45,22.45,22.45,23.6,23.5,23.0,22.05,22.45,23.0,20.9,23.31,0,22.45,22.400000000000002,22.566666666666666,6287
2023-04-28,22.5,23.0,22.5,23.0,23.6,23.5,22.05,22.45,23.0,23.0,31.03,25.88,1,22.725,22.566666666666666,22.65833333333333,6287
2023-05-02,21.5,22.8,21.5,22.05,21.5,21.5,22.45,23.0,23.0,23.2,28.33,26.7,0,22.525,22.65833333333333,22.78333333333333,6287
2023-05-03,22.05,22.5,22.05,22.45,21.5,21.5,23.0,23.0,23.2,23.2,32.08,28.49,0,22.25,22.78333333333333,22.816666666666666,6287
2023-05-04,22.45,23.0,22.45,23.0,21.5,21.5,23.0,23.2,23.2,22.95,45.2,34.06,0,22.725,22.816666666666666,22.96666666666667,6287
2023-05-05,22.4,23.0,22.4,23.0,21.5,21.5,23.2,23.2,22.95,22.05,53.94,40.69,0,23.0,22.96666666666667,22.900000000000002,6287
2023-05-08,23.25,23.25,23.2,23.2,23.25,21.5,23.2,22.95,22.05,22.3,68.34,49.91,0,23.1,22.900000000000002,22.783333333333335,6287
2023-05-09,23.2,23.2,23.2,23.2,23.25,21.5,22.95,22.05,22.3,23.4,77.94,59.25,0,23.2,22.783333333333335,22.849999999999998,6287
2023-05-10,22.05,22.95,22.0,22.95,23.25,21.5,22.05,22.3,23.4,23.4,79.58,66.03,0,23.075,22.849999999999998,22.883333333333336,6287
2023-05-11,22.1,22.15,22.0,22.05,23.25,21.5,22.3,23.4,23.4,23.0,63.53,65.2,0,22.5,22.883333333333336,22.849999999999998,6287
2023-05-12,22.2,22.3,22.2,22.3,23.25,21.5,23.4,23.4,23.0,22.45,57.59,62.66,0,22.175,22.849999999999998,22.766666666666666,6287
2023-05-15,23.4,23.4,23.4,23.4,23.4,21.5,23.4,23.0,22.45,22.65,71.73,65.68,1,22.85,22.766666666666666,22.866666666666664,6287
2023-05-16,24.0,24.0,23.4,23.4,23.4,21.5,23.0,22.45,22.65,22.65,71.15,67.5,0,23.4,22.866666666666664,22.925,6287
2023-05-17,23.7,23.7,22.9,23.0,23.4,21.5,22.45,22.65,22.65,22.65,64.1,66.37,0,23.2,22.925,22.8,6287
2023-05-18,22.45,22.45,22.45,22.45,23.4,21.5,22.65,22.65,22.65,21.2,50.23,60.99,0,22.725,22.8,22.433333333333334,6287
2023-05-19,22.5,22.65,22.1,22.65,23.4,21.5,22.65,22.65,21.2,21.7,44.32,55.43,0,22.549999999999997,22.433333333333334,22.21666666666667,6287
2023-05-22,22.65,22.65,22.65,22.65,22.65,21.5,22.65,21.2,21.7,21.7,40.38,50.41,0,22.65,22.21666666666667,22.091666666666665,6287
2023-05-23,22.65,22.65,22.65,22.65,22.65,21.5,21.2,21.7,21.7,21.7,37.75,46.19,0,22.65,22.091666666666665,21.933333333333334,6287
2023-05-24,20.8,22.05,20.6,21.2,22.65,21.5,21.7,21.7,21.7,21.0,31.05,41.14,0,21.924999999999997,21.933333333333334,21.65833333333333,6287
2023-05-25,21.15,22.0,21.1,21.7,22.65,21.5,21.7,21.7,21.0,21.2,31.48,37.92,0,21.45,21.65833333333333,21.416666666666668,6287
2023-05-26,21.7,21.7,21.7,21.7,22.65,21.5,21.7,21.0,21.2,21.0,31.77,35.87,0,21.7,21.416666666666668,21.383333333333336,6287
2023-05-29,21.7,21.7,21.7,21.7,21.7,21.5,21.0,21.2,21.0,21.0,33.01,34.92,0,21.7,21.383333333333336,21.26666666666667,6287
2023-05-30,21.7,21.7,20.95,21.0,21.7,21.5,21.2,21.0,21.0,21.0,28.51,32.78,0,21.35,21.26666666666667,21.150000000000002,6287
2023-05-31,21.2,21.2,21.15,21.2,21.7,21.5,21.0,21.0,21.0,21.05,28.76,31.44,0,21.1,21.150000000000002,21.041666666666668,6287
2023-06-01,20.5,21.0,20.5,21.0,21.7,20.5,21.0,21.0,21.05,21.1,26.93,29.94,0,21.1,21.041666666666668,21.058333333333334,6287
2023-06-02,21.0,21.0,20.9,21.0,21.7,20.5,21.0,21.05,21.1,21.15,25.71,28.53,0,21.0,21.058333333333334,21.05,6287
2023-06-05,21.0,21.0,20.65,21.0,21.0,20.5,21.05,21.1,21.15,21.1,27.89,28.32,0,21.0,21.05,21.066666666666666,6287
2023-06-06,20.2,21.05,20.2,21.05,21.0,20.5,21.1,21.15,21.1,21.7,34.33,30.32,1,21.025,21.066666666666666,21.183333333333334,6287
2023-06-07,21.05,21.1,20.95,21.1,21.0,20.5,21.15,21.1,21.7,22.0,42.89,34.51,0,21.075000000000003,21.183333333333334,21.350000000000005,6287
2023-06-08,21.1,21.15,21.1,21.15,21.0,20.5,21.1,21.7,22.0,21.9,49.7,39.57,0,21.125,21.350000000000005,21.491666666666664,6287
2023-06-09,21.15,21.15,20.15,21.1,21.0,20.5,21.7,22.0,21.9,21.5,53.56,44.23,0,21.125,21.491666666666664,21.558333333333334,6287
2023-06-12,21.7,21.7,21.65,21.7,21.7,20.5,22.0,21.9,21.5,21.5,69.04,52.5,0,21.4,21.558333333333334,21.616666666666664,6287
2023-06-13,21.05,22.0,21.0,22.0,21.7,20.5,21.9,21.5,21.5,21.0,79.36,61.45,0,21.85,21.616666666666664,21.599999999999998,6287
2023-06-14,21.65,21.95,21.65,21.9,21.7,20.5,21.5,21.5,21.0,21.3,84.44,69.11,0,21.95,21.599999999999998,21.533333333333335,6287
2023-06-15,21.5,21.5,21.5,21.5,21.7,20.5,21.5,21.0,21.3,21.4,80.62,72.95,0,21.7,21.533333333333335,21.433333333333334,6287
2023-06-16,21.5,21.5,21.5,21.5,21.7,20.5,21.0,21.3,21.4,21.9,78.07,74.66,0,21.5,21.433333333333334,21.433333333333334,6287
2023-06-19,21.0,21.0,21.0,21.0,21.0,20.5,21.3,21.4,21.9,21.95,67.36,72.23,0,21.25,21.433333333333334,21.50833333333333,6287
2023-06-20,20.2,21.8,20.2,21.3,21.0,20.5,21.4,21.9,21.95,22.1,65.63,70.03,0,21.15,21.50833333333333,21.608333333333334,6287
2023-06-21,21.2,21.4,20.35,21.4,21.0,20.5,21.9,21.95,22.1,22.5,66.28,68.78,0,21.35,21.608333333333334,21.858333333333334,6287
2023-06-26,20.75,21.95,20.75,21.9,20.75,20.5,21.95,22.1,22.5,22.05,75.67,71.08,1,21.65,21.858333333333334,21.983333333333334,6287
2023-06-27,22.0,22.0,21.95,21.95,20.75,20.5,22.1,22.5,22.05,22.8,82.85,75.0,0,21.924999999999997,21.983333333333334,22.216666666666665,6287
2023-06-28,22.1,22.1,22.1,22.1,20.75,20.5,22.5,22.05,22.8,23.0,88.57,79.52,0,22.025,22.216666666666665,22.399999999999995,6287
2023-06-29,22.25,22.5,22.2,22.5,20.75,20.5,22.05,22.8,23.0,22.3,92.38,83.81,0,22.3,22.399999999999995,22.458333333333332,6287
2023-06-30,22.05,22.7,22.05,22.05,20.75,20.5,22.8,23.0,22.3,22.6,86.25,84.62,0,22.275,22.458333333333332,22.541666666666668,6287
2023-07-03,22.45,22.8,22.45,22.8,22.45,22.45,23.0,22.3,22.6,22.05,90.83,86.69,0,22.425,22.541666666666668,22.46666666666667,6287
2023-07-04,22.05,23.0,22.05,23.0,22.45,22.45,22.3,22.6,22.05,22.25,93.89,89.09,0,22.9,22.46666666666667,22.5,6287
2023-07-05,23.1,23.1,22.3,22.3,22.45,22.45,22.6,22.05,22.25,22.0,86.23,88.14,0,22.65,22.5,22.366666666666664,6287
2023-07-06,22.3,22.6,22.0,22.6,22.45,22.45,22.05,22.25,22.0,22.2,83.73,86.67,0,22.450000000000003,22.366666666666664,22.233333333333334,6287
2023-07-07,22.6,22.6,22.05,22.05,22.45,22.45,22.25,22.0,22.2,21.6,58.72,77.35,0,22.325000000000003,22.233333333333334,22.11666666666667,6287
2023-07-10,22.7,22.7,22.25,22.25,22.7,22.45,22.0,22.2,21.6,21.5,46.72,67.14,0,22.15,22.11666666666667,21.933333333333334,6287
2023-07-11,22.25,22.65,22.0,22.0,22.7,22.45,22.2,21.6,21.5,21.5,31.15,55.14,0,22.125,21.933333333333334,21.84166666666667,6287
2023-07-12,21.6,22.2,21.55,22.2,22.7,22.45,21.6,21.5,21.5,21.0,34.75,48.34,0,22.1,21.84166666666667,21.633333333333336,6287
2023-07-13,21.6,22.25,21.6,21.6,22.7,22.45,21.5,21.5,21.0,21.0,24.24,40.31,0,21.9,21.633333333333336,21.46666666666667,6287
2023-07-14,21.65,21.65,21.5,21.5,22.7,22.45,21.5,21.0,21.0,21.0,16.16,32.26,0,21.55,21.46666666666667,21.266666666666666,6287
2023-07-17,21.5,21.5,21.5,21.5,21.5,22.45,21.0,21.0,21.0,20.7,10.77,25.1,0,21.5,21.266666666666666,21.116666666666667,6287
2023-07-18,21.3,21.3,21.0,21.0,21.5,22.45,21.0,21.0,20.7,20.0,7.18,19.13,0,21.25,21.116666666666667,20.866666666666667,6287
2023-07-19,21.0,21.0,21.0,21.0,21.5,22.45,21.0,20.7,20.0,19.5,4.79,14.35,0,21.0,20.866666666666667,20.533333333333335,6287
2023-07-20,21.0,21.0,21.0,21.0,21.5,22.45,20.7,20.0,19.5,21.45,3.19,10.63,0,21.0,20.533333333333335,20.608333333333334,6287
2023-07-21,21.05,21.05,20.7,20.7,21.5,22.45,20.0,19.5,21.45,21.4,2.13,7.8,0,20.85,20.608333333333334,20.675,6287
2023-07-24,20.7,20.7,19.85,20.0,20.7,22.45,19.5,21.45,21.4,20.6,3.5,6.37,0,20.35,20.675,20.608333333333334,6287
2023-07-25,20.0,20.0,19.05,19.5,20.7,22.45,21.45,21.4,20.6,21.1,7.02,6.59,1,19.75,20.608333333333334,20.674999999999997,6287
2023-07-26,19.75,21.45,19.75,21.45,20.7,22.45,21.4,20.6,21.1,21.1,35.45,16.21,0,20.475,20.674999999999997,20.858333333333334,6287
2023-07-27,21.4,21.45,21.3,21.4,20.7,22.45,20.6,21.1,21.1,21.0,55.61,29.34,0,21.424999999999997,20.858333333333334,21.108333333333334,6287
2023-07-28,21.0,21.0,20.55,20.6,20.7,22.45,21.1,21.1,21.0,20.8,58.6,39.09,0,21.0,21.108333333333334,21.0,6287
2023-07-31,21.0,21.1,20.95,21.1,21.0,22.45,21.1,21.0,20.8,20.55,67.54,48.57,0,20.85,21.0,20.858333333333334,6287
2023-08-01,21.0,21.1,21.0,21.1,21.0,21.0,21.0,20.8,20.55,20.55,73.5,56.88,0,21.1,20.858333333333334,20.849999999999998,6287
2023-08-02,21.0,21.0,21.0,21.0,21.0,21.0,20.8,20.55,20.55,20.65,76.08,63.28,0,21.05,20.849999999999998,20.775000000000002,6287
2023-08-04,20.95,20.95,20.8,20.8,21.0,21.0,20.55,20.55,20.65,20.45,75.03,67.2,0,20.9,20.775000000000002,20.666666666666664,6287
2023-08-07,20.55,20.8,20.55,20.55,20.55,21.0,20.55,20.65,20.45,20.05,70.85,68.42,0,20.675,20.666666666666664,20.508333333333336,6287
2023-08-08,20.55,20.55,20.55,20.55,20.55,21.0,20.65,20.45,20.05,19.95,62.92,66.59,0,20.55,20.508333333333336,20.366666666666667,6287
2023-08-09,20.5,20.65,20.5,20.65,20.55,21.0,20.45,20.05,19.95,20.0,47.21,60.13,0,20.6,20.366666666666667,20.275000000000002,6287
2023-08-10,20.45,20.45,20.45,20.45,20.55,21.0,20.05,19.95,20.0,20.0,31.47,50.58,0,20.549999999999997,20.275000000000002,20.183333333333334,6287
2023-08-11,20.2,20.2,20.05,20.05,20.55,21.0,19.95,20.0,20.0,19.0,20.98,40.71,0,20.25,20.183333333333334,19.908333333333335,6287
2023-08-14,19.5,19.95,19.5,19.95,19.5,21.0,20.0,20.0,19.0,18.25,23.36,34.93,0,20.0,19.908333333333335,19.541666666666668,6287
2023-08-15,19.95,20.0,19.95,20.0,19.5,21.0,20.0,19.0,18.25,18.15,26.68,32.18,0,19.975,19.541666666666668,19.224999999999998,6287
2023-08-16,20.0,20.0,20.0,20.0,19.5,21.0,19.0,18.25,18.15,18.45,29.28,31.21,0,20.0,19.224999999999998,18.975,6287
2023-08-17,19.55,19.55,19.0,19.0,19.5,21.0,18.25,18.15,18.45,18.5,19.52,27.31,0,19.5,18.975,18.725,6287
2023-08-18,19.0,19.0,17.8,18.25,19.5,21.0,18.15,18.45,18.5,17.6,18.28,24.3,0,18.625,18.725,18.325,6287
2023-08-21,18.25,18.25,18.1,18.15,18.25,21.0,18.45,18.5,17.6,17.4,16.28,21.63,0,18.2,18.325,18.058333333333334,6287
2023-08-22,18.15,18.45,17.55,18.45,18.25,21.0,18.5,17.6,17.4,18.15,21.2,21.49,0,18.299999999999997,18.058333333333334,18.041666666666668,6287
2023-08-23,18.45,18.5,18.45,18.5,18.25,21.0,17.6,17.4,18.15,18.65,26.08,23.02,1,18.475,18.041666666666668,18.125,6287
2023-08-24,18.6,18.8,17.6,17.6,18.25,21.0,17.4,18.15,18.65,18.65,18.07,21.37,0,18.05,18.125,18.158333333333335,6287
2023-08-25,17.4,17.4,17.4,17.4,18.25,21.0,18.15,18.65,18.65,18.95,12.05,18.26,0,17.5,18.158333333333335,18.23333333333333,6287
2023-08-28,17.05,18.15,17.0,18.15,17.05,21.0,18.65,18.65,18.95,18.95,20.81,19.11,1,17.775,18.23333333333333,18.458333333333332,6287
2023-08-29,18.4,18.65,17.25,18.65,17.05,21.0,18.65,18.95,18.95,19.5,35.44,24.55,0,18.4,18.458333333333332,18.808333333333334,6287
2023-08-30,18.05,18.65,18.0,18.65,17.05,21.0,18.95,18.95,19.5,19.9,51.13,33.41,0,18.65,18.808333333333334,19.099999999999998,6287
2023-08-31,18.9,18.95,18.9,18.95,17.05,21.0,18.95,19.5,19.9,19.95,67.42,44.75,0,18.799999999999997,19.099999999999998,19.316666666666666,6287
2023-09-01,18.95,18.95,18.95,18.95,17.05,18.95,19.5,19.9,19.95,19.5,78.28,55.93,0,18.95,19.316666666666666,19.458333333333332,6287
2023-09-04,19.1,19.5,19.1,19.5,19.1,18.95,19.9,19.95,19.5,19.5,85.52,65.79,0,19.225,19.458333333333332,19.55,6287
2023-09-05,19.8,19.9,19.8,19.9,19.1,18.95,19.95,19.5,19.5,18.2,90.35,73.98,0,19.7,19.55,19.425,6287
2023-09-06,19.9,19.95,19.9,19.95,19.1,18.95,19.5,19.5,18.2,17.95,93.57,80.51,0,19.924999999999997,19.425,19.166666666666668,6287
2023-09-07,19.3,19.5,19.0,19.5,19.1,18.95,19.5,18.2,17.95,17.95,90.63,83.88,0,19.725,19.166666666666668,18.84166666666667,6287
2023-09-08,19.35,19.5,19.35,19.5,19.1,18.95,18.2,17.95,17.95,17.95,88.2,85.32,0,19.5,18.84166666666667,18.508333333333336,6287
2023-09-11,18.2,19.0,17.8,18.2,18.2,18.95,17.95,17.95,17.95,17.45,65.0,78.55,0,18.85,18.508333333333336,18.166666666666668,6287
2023-09-12,17.85,18.25,17.85,17.95,18.2,18.95,17.95,17.95,17.45,17.9,45.66,67.59,0,18.075,18.166666666666668,17.900000000000002,6287
2023-09-13,17.75,17.95,17.75,17.95,18.2,18.95,17.95,17.45,17.9,17.9,33.47,56.22,0,17.95,17.900000000000002,17.849999999999998,6287
2023-09-14,17.95,17.95,17.95,17.95,18.2,18.95,17.45,17.9,17.9,17.3,25.34,45.93,0,17.95,17.849999999999998,17.741666666666667,6287
2023-09-15,17.45,17.45,17.45,17.45,18.2,18.95,17.9,17.9,17.3,17.3,16.89,36.25,0,17.7,17.741666666666667,17.63333333333333,6287
2023-09-18,17.05,17.9,17.0,17.9,17.05,18.95,17.9,17.3,17.3,16.85,21.43,31.31,0,17.674999999999997,17.63333333333333,17.45,6287
2023-09-19,17.9,17.9,17.9,17.9,17.05,18.95,17.3,17.3,16.85,16.85,26.29,29.64,0,17.9,17.45,17.349999999999998,6287
2023-09-20,17.3,17.3,17.3,17.3,17.05,18.95,17.3,16.85,16.85,16.6,21.53,26.94,0,17.6,17.349999999999998,17.13333333333333,6287
2023-09-21,17.2,17.3,17.2,17.3,17.05,18.95,16.85,16.85,16.6,16.6,19.35,24.41,0,17.3,17.13333333333333,16.916666666666668,6287
2023-09-22,16.9,16.9,16.85,16.85,17.05,18.95,16.85,16.6,16.6,16.25,12.9,20.57,0,17.075000000000003,16.916666666666668,16.74166666666667,6287
2023-09-25,16.85,16.85,16.85,16.85,16.85,18.95,16.6,16.6,16.25,16.85,8.6,16.58,0,16.85,16.74166666666667,16.666666666666668,6287
2023-09-26,16.85,16.85,16.2,16.6,16.85,18.95,16.6,16.25,16.85,15.8,13.35,15.5,0,16.725,16.666666666666668,16.491666666666667,6287
2023-09-27,15.7,16.6,15.7,16.6,16.85,18.95,16.25,16.85,15.8,15.4,22.54,17.85,1,16.6,16.491666666666667,16.250000000000004,6287
2023-09-28,15.75,16.85,15.75,16.25,16.85,18.95,16.85,15.8,15.4,16.9,23.36,19.69,0,16.425,16.250000000000004,16.3,6287
2023-10-02,16.0,16.85,16.0,16.85,16.0,16.0,15.8,15.4,16.9,15.9,33.0,24.13,0,16.55,16.3,16.183333333333337,6287
2023-10-03,15.95,16.25,15.75,15.8,16.0,16.0,15.4,16.9,15.9,15.85,24.08,24.11,0,16.325000000000003,16.183333333333337,16.116666666666667,6287
2023-10-04,15.3,15.4,15.3,15.4,16.0,16.0,16.9,15.9,15.85,15.85,17.72,21.98,0,15.600000000000001,16.116666666666667,15.949999999999998,6287
2023-10-05,15.3,16.9,15.3,16.9,16.0,16.0,15.9,15.85,15.85,16.1,45.15,29.7,1,16.15,15.949999999999998,16.0,6287
2023-10-06,16.05,16.35,15.9,15.9,16.0,16.0,15.85,15.85,16.1,16.3,42.6,34.0,0,16.4,16.0,16.15,6287
2023-10-11,15.85,15.85,15.85,15.85,15.85,16.0,15.85,16.1,16.3,15.8,39.86,35.95,0,15.875,16.15,15.966666666666667,6287
2023-10-12,15.85,15.85,15.85,15.85,15.85,16.0,16.1,16.3,15.8,15.55,38.03,36.64,0,15.85,15.966666666666667,15.908333333333331,6287
2023-10-13,16.85,16.85,15.55,16.1,15.85,16.0,16.3,15.8,15.55,15.0,42.02,38.43,0,15.975000000000001,15.908333333333331,15.766666666666666,6287
2023-10-16,16.3,16.3,16.3,16.3,16.3,16.0,15.8,15.55,15.0,15.0,48.85,41.9,0,16.200000000000003,15.766666666666666,15.625,6287
2023-10-17,15.8,15.8,15.8,15.8,16.3,16.0,15.55,15.0,15.0,14.75,42.98,42.26,0,16.05,15.625,15.4,6287
2023-10-18,15.5,15.75,15.05,15.55,16.3,16.0,15.0,15.0,14.75,15.05,37.66,40.73,0,15.675,15.4,15.191666666666665,6287
2023-10-19,15.15,15.35,14.9,15.0,16.3,16.0,15.0,14.75,15.05,15.45,26.77,36.08,0,15.275,15.191666666666665,15.133333333333333,6287
2023-10-20,15.1,15.1,14.65,15.0,16.3,16.0,14.75,15.05,15.45,14.3,23.15,31.77,0,15.0,15.133333333333333,14.924999999999999,6287
2023-10-23,14.7,14.75,14.7,14.75,14.7,16.0,15.05,15.45,14.3,14.2,16.95,26.83,0,14.875,14.924999999999999,14.791666666666666,6287
2023-10-24,14.75,15.05,14.45,15.05,14.7,16.0,15.45,14.3,14.2,14.5,19.63,24.43,0,14.9,14.791666666666666,14.708333333333334,6287
2023-10-25,15.45,15.45,15.45,15.45,14.7,16.0,14.3,14.2,14.5,13.65,26.98,25.28,1,15.25,14.708333333333334,14.525,6287
2023-10-26,14.4,15.3,14.15,14.3,14.7,16.0,14.2,14.5,13.65,13.15,20.31,23.62,0,14.875,14.525,14.208333333333336,6287
2023-10-27,13.9,14.2,13.55,14.2,14.7,16.0,14.5,13.65,13.15,13.75,23.17,23.47,0,14.25,14.208333333333336,13.924999999999999,6287
2023-10-30,13.4,14.5,13.4,14.5,13.4,16.0,13.65,13.15,13.75,13.15,31.05,26.0,1,14.35,13.924999999999999,13.733333333333334,6287
2023-10-31,14.4,14.4,13.65,13.65,13.4,16.0,13.15,13.75,13.15,12.45,24.77,25.59,0,14.075,13.733333333333334,13.441666666666668,6287
2023-11-01,13.5,14.0,13.0,13.15,13.4,13.5,13.75,13.15,12.45,12.4,18.55,23.24,0,13.4,13.441666666666668,13.091666666666667,6287
2023-11-02,13.15,13.75,12.95,13.75,13.4,13.5,13.15,12.45,12.4,12.85,23.03,23.17,0,13.45,13.091666666666667,12.958333333333334,6287
2023-11-03,13.05,13.45,13.05,13.15,13.4,13.5,12.45,12.4,12.85,12.85,18.02,21.45,0,13.45,12.958333333333334,12.908333333333331,6287
2023-11-06,12.3,13.5,12.3,12.45,12.3,13.5,12.4,12.85,12.85,12.85,13.6,18.83,0,12.8,12.908333333333331,12.758333333333333,6287
2023-11-07,12.9,12.9,12.4,12.4,12.3,13.5,12.85,12.85,12.85,12.6,10.18,15.95,0,12.425,12.758333333333333,12.666666666666666,6287
2023-11-08,12.85,12.85,12.85,12.85,12.3,13.5,12.85,12.85,12.6,12.6,15.12,15.67,0,12.625,12.666666666666666,12.691666666666668,6287
2023-11-09,12.85,12.85,12.85,12.85,12.3,13.5,12.85,12.6,12.6,12.35,18.41,16.58,1,12.85,12.691666666666668,12.683333333333332,6287
2023-11-10,11.9,12.85,11.9,12.85,12.3,13.5,12.6,12.6,12.35,12.35,24.94,19.37,0,12.85,12.683333333333332,12.6,6287
2023-11-13,12.75,12.75,12.6,12.6,12.75,13.5,12.6,12.35,12.35,13.55,27.74,22.16,0,12.725,12.6,12.716666666666667,6287
2023-11-14,12.05,12.6,12.05,12.6,12.75,13.5,12.35,12.35,13.55,12.8,31.11,25.14,0,12.6,12.716666666666667,12.708333333333334,6287
2023-11-15,12.85,12.85,12.35,12.35,12.75,13.5,12.35,13.55,12.8,12.8,30.11,26.8,0,12.475,12.708333333333334,12.741666666666665,6287
2023-11-16,12.35,12.35,12.35,12.35,12.75,13.5,13.55,12.8,12.8,12.7,29.45,27.68,0,12.35,12.741666666666665,12.758333333333333,6287
2023-11-17,13.1,13.55,13.05,13.55,12.75,13.5,12.8,12.8,12.7,13.45,52.97,36.11,0,12.95,12.758333333333333,12.941666666666668,6287
2023-11-20,13.5,13.5,12.8,12.8,13.5,13.5,12.8,12.7,13.45,13.45,53.5,41.91,0,13.175,12.941666666666668,13.125000000000002,6287
2023-11-21,12.8,12.8,12.8,12.8,13.5,13.5,12.7,13.45,13.45,13.45,53.85,45.89,0,12.8,13.125000000000002,13.108333333333334,6287
2023-11-22,12.7,12.7,12.7,12.7,13.5,13.5,13.45,13.45,13.45,13.45,52.06,47.95,0,12.75,13.108333333333334,13.216666666666669,6287
2023-11-23,12.9,13.45,12.7,13.45,13.5,13.5,13.45,13.45,13.45,14.75,65.82,53.91,0,13.075,13.216666666666669,13.541666666666666,6287
2023-11-24,13.5,13.9,13.05,13.45,13.5,13.5,13.45,13.45,14.75,16.2,69.11,58.98,0,13.45,13.541666666666666,14.125,6287
2023-11-27,13.45,13.45,13.45,13.45,13.45,13.5,13.45,14.75,16.2,17.8,69.73,62.56,0,13.45,14.125,14.85,6287
2023-11-28,13.3,13.45,13.3,13.45,13.45,13.5,14.75,16.2,17.8,17.65,70.14,65.09,0,13.45,14.85,15.549999999999997,6287
2023-11-29,13.7,14.75,13.7,14.75,13.45,13.5,16.2,17.8,17.65,17.7,80.09,70.09,0,14.1,15.549999999999997,16.258333333333333,6287
2023-11-30,15.0,16.2,15.0,16.2,13.45,13.5,17.8,17.65,17.7,18.45,86.73,75.64,0,15.475,16.258333333333333,17.09166666666667,6287
2023-12-01,16.75,17.8,16.75,17.8,13.45,16.75,17.65,17.7,18.45,16.85,91.15,80.81,0,17.0,17.09166666666667,17.441666666666666,6287
2023-12-04,17.0,18.45,17.0,17.65,17.0,16.75,17.7,18.45,16.85,16.85,89.46,83.69,0,17.725,17.441666666666666,17.55,6287
2023-12-05,17.9,19.35,17.7,17.7,17.0,16.75,18.45,16.85,16.85,16.3,84.7,84.03,0,17.674999999999997,17.55,17.3,6287
2023-12-06,19.3,19.3,17.05,18.45,17.0,16.75,16.85,16.85,16.3,16.05,85.04,84.37,0,18.075,17.3,17.03333333333333,6287
2023-12-07,17.15,17.15,16.85,16.85,17.0,16.75,16.85,16.3,16.05,16.05,76.25,81.66,0,17.65,17.03333333333333,16.758333333333333,6287
2023-12-08,16.85,16.85,16.85,16.85,17.0,16.75,16.3,16.05,16.05,16.45,70.39,77.9,0,16.85,16.758333333333333,16.425,6287
2023-12-11,16.8,16.85,16.3,16.3,16.8,16.75,16.05,16.05,16.45,16.45,62.27,72.69,0,16.575000000000003,16.425,16.358333333333334,6287
2023-12-12,16.05,16.05,16.0,16.05,16.8,16.75,16.05,16.45,16.45,15.7,49.56,64.98,0,16.175,16.358333333333334,16.166666666666668,6287
2023-12-13,16.05,16.05,16.05,16.05,16.8,16.75,16.45,16.45,15.7,15.8,33.54,54.5,0,16.05,16.166666666666668,16.083333333333332,6287
2023-12-14,15.65,16.45,15.55,16.45,16.8,16.75,16.45,15.7,15.8,15.8,30.25,46.42,0,16.25,16.083333333333332,16.041666666666668,6287
2023-12-15,16.45,16.45,16.45,16.45,16.8,16.75,15.7,15.8,15.8,15.2,28.06,40.3,0,16.45,16.041666666666668,15.899999999999999,6287
2023-12-18,15.7,15.7,15.7,15.7,15.7,16.75,15.8,15.8,15.2,15.2,20.04,33.55,0,16.075,15.899999999999999,15.691666666666668,6287
2023-12-19,15.75,15.8,15.75,15.8,15.7,16.75,15.8,15.2,15.2,15.2,18.57,28.56,0,15.75,15.691666666666668,15.483333333333334,6287
2023-12-20,15.8,15.8,15.8,15.8,15.7,16.75,15.2,15.2,15.2,15.5,18.79,25.3,0,15.8,15.483333333333334,15.450000000000001,6287
2023-12-21,15.1,15.2,15.1,15.2,15.7,16.75,15.2,15.2,15.5,15.75,14.43,21.68,0,15.5,15.450000000000001,15.441666666666668,6287
2023-12-22,15.2,15.2,15.2,15.2,15.7,16.75,15.2,15.5,15.75,15.75,12.09,18.48,0,15.2,15.441666666666668,15.433333333333332,6287
2023-12-25,15.2,15.2,15.2,15.2,15.2,16.75,15.5,15.75,15.75,15.75,10.53,15.83,0,15.2,15.433333333333332,15.525,6287
2023-12-26,15.05,15.5,15.05,15.5,15.2,16.75,15.75,15.75,15.75,16.75,17.73,16.46,1,15.35,15.525,15.783333333333333,6287
2023-12-27,15.3,15.75,15.3,15.75,15.2,16.75,15.75,15.75,16.75,15.9,28.49,20.47,0,15.625,15.783333333333333,15.9,6287
2023-12-28,15.75,15.75,15.75,15.75,15.2,16.75,15.75,16.75,15.9,15.85,50.1,30.35,0,15.75,15.9,15.958333333333334,6287
2023-12-29,15.75,15.75,15.75,15.75,15.2,16.75,16.75,15.9,15.85,16.8,64.51,41.74,0,15.75,15.958333333333334,16.133333333333333,6287
